Snohomish,Washington,7592.0,758649
Cook,Illinois,57660.0,5227575
Orange,California,22753.0,3132211
Maricopa,Arizona,43437.0,4088549
Los Angeles,California,84296.0,10057155
Santa Clara,California,11662.0,1885056
Suffolk,Massachusetts,6642.0,767719
San Francisco,California,6898.0,850282
Dane,Wisconsin,4107.0,516818
San Diego,California,26319.0,3253356
Bexar,Texas,20421.0,1858699
Douglas,Nebraska,5723.0,543253
Humboldt,California,2079.0,135182
Sacramento,California,16234.0,1479300
Solano,California,4789.0,429596
Spokane,Washington,6228.0,485859
Salt Lake,Utah,9728.0,1092518
Marin,California,1818.0,259358
Napa,California,1284.0,140823
Sonoma,California,4875.0,497776
Washington,Oregon,4158.0,564088
King,Washington,16726.0,2079550
Alameda,California,12714.0,1605217
Hillsborough,Florida,15716.0,1323059
Manatee,Florida,5151.0,353411
New York City,New York,71504.0,8461961
Placer,California,3456.0,370571
San Mateo,California,4844.0,754748
Fulton,Georgia,10496.0,996757
Norfolk,Massachusetts,6099.0,691218
Grafton,New Hampshire,1015.0,89164
Walla Walla,Washington,654.0,59809
Contra Costa,California,9400.0,1107925
Wake,North Carolina,7797.0,998576
Bergen,New Jersey,6992.0,930310
Westchester,New York,7306.0,969229
Fort Bend,Texas,5239.0,683756
Chelan,Washington,755.0,74761
Douglas,Colorado,1763.0,314238
Jefferson,Colorado,5449.0,558810
Santa Rosa,Florida,2305.0,163903
Montgomery,Maryland,6845.0,1026371
Middlesex,Massachusetts,12483.0,1567610
Clark,Nevada,26581.0,2070153
Washoe,Nevada,5910.0,439914
Nassau,New York,10857.0,1356801
Williamson,Tennessee,1565.0,205645
Harris,Texas,44526.0,4434257
Pinal,Arizona,4896.0,397604
Yolo,California,1624.0,209671
Denver,Colorado,6723.0,663303
Eagle,Colorado,246.0,52894
El Paso,Colorado,7379.0,665171
Broward,Florida,19997.0,1863780
Lee,Florida,9014.0,680970
Polk,Georgia,800.0,41263
Honolulu,Hawaii,9229.0,986999
Marion,Indiana,13592.0,932142
Fayette,Kentucky,3703.0,311529
Ramsey,Minnesota,5214.0,531528
Camden,New Jersey,6843.0,511145
Rockland,New York,2420.0,322642
Chatham,North Carolina,794.0,68778
Tulsa,Oklahoma,8823.0,629823
Delaware,Pennsylvania,6831.0,562316
Wayne,Pennsylvania,761.0,51307
Charleston,South Carolina,4835.0,380673
Kershaw,South Carolina,1077.0,63090
Davis,Utah,2257.0,329292
Washington,Utah,1530.0,151959
Clark,Washington,4567.0,450893
Jefferson,Washington,444.0,30333
Pierce,Washington,9856.0,832896
Fresno,California,10121.0,963160
Madera,California,1637.0,153366
Riverside,California,22791.0,2323892
Santa Cruz,California,2263.0,270931
District of Columbia,District of Columbia,8387.0,659009
Charlotte,Florida,2932.0,169642
Okaloosa,Florida,2666.0,195798
Volusia,Florida,9630.0,510806
Cobb,Georgia,6495.0,728388
Gwinnett,Georgia,6858.0,874242
Johnson,Kansas,4306.0,572428
Berkshire,Massachusetts,1765.0,128563
St. Louis,Missouri,12558.0,1000560
Rockingham,New Hampshire,3226.0,300365
Saratoga,New York,2325.0,224929
Jackson,Oregon,2893.0,210916
Klamath,Oregon,1113.0,65946
Montgomery,Pennsylvania,7892.0,815876
Bennington,Vermont,530.0,36503
Fairfax,Virginia,6358.0,1132887
Kittitas,Washington,412.0,42785
Fairfield,Connecticut,7104.0,941618
Cherokee,Georgia,2368.0,230629
Hendricks,Indiana,1493.0,155817
Johnson,Iowa,1003.0,142006
Harrison,Kentucky,348.0,18629
Jefferson,Kentucky,11968.0,759724
Harford,Maryland,3028.0,249776
Worcester,Massachusetts,9071.0,813589
Carver,Minnesota,568.0,97143
Passaic,New Jersey,4797.0,507204
Suffolk,New York,14740.0,1498130
Ulster,New York,2199.0,180505
Douglas,Oregon,1982.0,107375
Marion,Oregon,3708.0,326527
Spartanburg,South Carolina,4881.0,294229
Davidson,Tennessee,8725.0,667885
Shelby,Tennessee,14228.0,936990
Kitsap,Washington,2912.0,257488
Pima,Arizona,12658.0,1003338
Shasta,California,3110.0,179228
Arapahoe,Colorado,5228.0,617668
Larimer,Colorado,2883.0,325228
DeKalb,Georgia,7541.0,723902
Fayette,Georgia,1062.0,109495
Floyd,Georgia,1629.0,96199
Noble,Indiana,619.0,47587
Pottawattamie,Iowa,1305.0,93198
Jefferson,Louisiana,6426.0,435204
Prince George's,Maryland,10137.0,897693
Hudson,New Jersey,5528.0,668526
Monmouth,New Jersey,6396.0,627532
Union,New Jersey,4912.0,550436
Cuyahoga,Ohio,18712.0,1258710
Monroe,Pennsylvania,2189.0,167126
Collin,Texas,6260.0,886633
Virginia Beach city,Virginia,4241.0,449733
Pierce,Wisconsin,358.0,40881
San Joaquin,California,8355.0,714860
Ventura,California,6707.0,843110
Gunnison,Colorado,117.0,15889
Alachua,Florida,2811.0,256581
Collier,Florida,3326.0,348236
Nassau,Florida,1375.0,77187
Pasco,Florida,8580.0,488310
Pinellas,Florida,15198.0,939548
Charlton,Georgia,191.0,12968
Kane,Illinois,4327.0,526615
McHenry,Illinois,2908.0,307083
Adams,Indiana,384.0,34813
Boone,Indiana,626.0,61884
Orleans,Louisiana,5831.0,382922
Essex,Massachusetts,7915.0,769362
Oakland,Michigan,13124.0,1235215
Wayne,Michigan,29275.0,1767593
Anoka,Minnesota,3129.0,341249
Burlington,New Jersey,5165.0,450236
Multnomah,Oregon,8367.0,778193
Philadelphia,Pennsylvania,23199.0,1559938
Beadle,South Dakota,211.0,18155
Charles Mix,South Dakota,149.0,9277
Davison,South Dakota,231.0,19824
Minnehaha,South Dakota,1899.0,182014
Sullivan,Tennessee,2930.0,156644
Dallas,Texas,26180.0,2513054
Montgomery,Texas,5811.0,518849
Tarrant,Texas,20192.0,1947529
Weber,Utah,2496.0,241328
Loudoun,Virginia,1887.0,362435
Skagit,Washington,1427.0,120475
Whatcom,Washington,2088.0,209729
Jefferson,Arkansas,1410.0,72385
Stanislaus,California,6261.0,530561
Pitkin,Colorado,98.0,17543
New Castle,Delaware,6824.0,551997
Miami-Dade,Florida,24185.0,2664418
St. Johns,Florida,2553.0,218362
Bartow,Georgia,1501.0,101942
Lee,Georgia,386.0,29134
Lowndes,Georgia,1518.0,113898
Lake,Illinois,5757.0,702890
Howard,Indiana,1551.0,82728
Johnson,Indiana,1669.0,147567
St. Joseph,Indiana,3633.0,267696
Caddo,Louisiana,4324.0,253125
Baltimore,Maryland,10845.0,825666
Olmsted,Minnesota,1171.0,150104
Forrest,Mississippi,1306.0,76274
Middlesex,New Jersey,7210.0,831852
Bernalillo,New Mexico,8403.0,674777
Santa Fe,New Mexico,1753.0,147320
Socorro,New Mexico,273.0,17324
Monroe,New York,7898.0,749236
Ward,North Dakota,555.0,68954
Stark,Ohio,5722.0,374762
Deschutes,Oregon,1753.0,170813
Linn,Oregon,1711.0,119862
Polk,Oregon,863.0,78470
Umatilla,Oregon,948.0,76582
Bucks,Pennsylvania,6966.0,626220
Lancaster,South Carolina,1355.0,83704
Bon Homme,South Dakota,74.0,7001
Gregg,Texas,1892.0,123283
Chittenden,Vermont,1377.0,160510
Arlington,Virginia,1077.0,226092
Island,Washington,916.0,80113
Thurston,Washington,2994.0,266311
Fond du Lac,Wisconsin,1070.0,101968
Waukesha,Wisconsin,3490.0,395377
Sheridan,Wyoming,437.0,29924
Anchorage,Alaska,3203.0,299321
Pulaski,Arkansas,5848.0,391806
Tulare,California,4693.0,455769
Adams,Colorado,4658.0,479977
Litchfield,Connecticut,2066.0,185141
Clay,Florida,2749.0,200346
Duval,Florida,13806.0,900890
Palm Beach,Florida,15549.0,1398757
Sarasota,Florida,5522.0,398011
Seminole,Florida,4689.0,442905
Carroll,Iowa,220.0,20555
Wyandotte,Kansas,2309.0,161777
Montgomery,Kentucky,513.0,27391
Androscoggin,Maine,1488.0,107376
Ingham,Michigan,3170.0,284559
Kent,Michigan,6023.0,629352
Montcalm,Michigan,889.0,62922
St. Clair,Michigan,2446.0,160069
Washtenaw,Michigan,2914.0,358082
Dakota,Minnesota,3147.0,411402
Hennepin,Minnesota,10566.0,1209265
Stearns,Minnesota,1261.0,153661
Greene,Missouri,3962.0,285449
Cass,Nebraska,298.0,25463
Carson City,Nevada,1086.0,54412
Essex,New Jersey,8923.0,792586
Morris,New Jersey,3871.0,498215
Albany,New York,3307.0,307891
Delaware,New York,677.0,46480
Dutchess,New York,3166.0,295905
Herkimer,New York,796.0,63558
Orange,New York,3697.0,376242
Cabarrus,North Carolina,2241.0,192296
Forsyth,North Carolina,4734.0,364691
Johnston,North Carolina,2379.0,182155
Mecklenburg,North Carolina,9446.0,1011774
Onslow,North Carolina,2052.0,185755
Trumbull,Ohio,3557.0,204908
Clackamas,Oregon,4080.0,394967
Northampton,Pennsylvania,3405.0,300520
Pike,Pennsylvania,774.0,56210
Knox,Tennessee,6816.0,448164
Alexandria city,Virginia,923.0,151473
Hanover,Virginia,1166.0,102199
James City,Virginia,810.0,71900
Prince Edward,Virginia,324.0,23077
Prince William,Virginia,3250.0,443630
Columbia,Washington,76.0,3971
Grays Harbor,Washington,1306.0,71233
Yakima,Washington,2909.0,247681
Elmore,Alabama,1229.0,80957
Jefferson,Alabama,11214.0,659096
Limestone,Alabama,1258.0,90257
Montgomery,Alabama,3323.0,227392
Tuscaloosa,Alabama,2750.0,202471
San Benito,California,477.0,58051
Clear Creek,Colorado,101.0,9238
Pueblo,Colorado,2629.0,162158
Routt,Colorado,206.0,23980
Summit,Colorado,149.0,29269
Weld,Colorado,2705.0,278065
Orange,Florida,12481.0,1256055
Osceola,Florida,3657.0,311962
Gordon,Georgia,910.0,56079
Henry,Georgia,2608.0,214171
Ada,Idaho,3940.0,425798
Harrison,Iowa,186.0,14335
Butler,Kansas,883.0,66264
St. Charles,Louisiana,640.0,52708
St. Tammany,Louisiana,3109.0,246269
Terrebonne,Louisiana,1737.0,113099
Cumberland,Maine,3074.0,288204
Anne Arundel,Maryland,6299.0,559737
Charles,Maryland,1774.0,154357
Bay,Michigan,1579.0,106107
Charlevoix,Michigan,334.0,26172
Leelanau,Michigan,225.0,21764
Macomb,Michigan,11677.0,859703
Wright,Minnesota,1004.0,129922
Copiah,Mississippi,525.0,28780
Leflore,Mississippi,628.0,30500
Pearl River,Mississippi,1077.0,55167
Henry,Missouri,409.0,21930
Gallatin,Montana,654.0,97958
Lewis and Clark,Montana,830.0,65989
Silver Bow,Montana,547.0,34560
Yellowstone,Montana,1965.0,155344
Ocean,New Jersey,7561.0,586166
Schenectady,New York,1827.0,154845
Wayne,North Carolina,1952.0,124447
Oklahoma,Oklahoma,10995.0,764698
Chester,Pennsylvania,4480.0,512028
Cumberland,Pennsylvania,2729.0,243838
Washington,Pennsylvania,3258.0,208269
McCook,South Dakota,77.0,5616
Hamilton,Tennessee,5244.0,351305
Jefferson,Tennessee,969.0,52851
Rutherford,Tennessee,3427.0,290289
Bell,Texas,3599.0,330859
El Paso,Texas,7606.0,833592
Galveston,Texas,4466.0,314485
Smith,Texas,2831.0,219745
Travis,Texas,8536.0,1148176
Harrisonburg city,Virginia,345.0,51979
Grant,Washington,1017.0,92530
Milwaukee,Wisconsin,12467.0,955306
Racine,Wisconsin,2427.0,194873
Sheboygan,Wisconsin,1212.0,115269
Fremont,Wyoming,677.0,40683
Baldwin,Alabama,2967.0,199510
Graham,Arizona,465.0,37529
San Luis Obispo,California,2779.0,278680
Boulder,Colorado,2216.0,313961
Mesa,Colorado,1952.0,148166
Hartford,Connecticut,9214.0,895699
New Haven,Connecticut,9163.0,860874
Coweta,Georgia,1658.0,135625
Kauai,Hawaii,744.0,70447
Blaine,Idaho,153.0,21427
Teton,Idaho,63.0,10437
Cumberland,Illinois,129.0,10890
DuPage,Illinois,7045.0,930514
Sangamon,Illinois,2593.0,198639
St. Clair,Illinois,3825.0,265569
Woodford,Illinois,360.0,39123
LaPorte,Indiana,1841.0,110993
Wells,Indiana,369.0,27836
Dallas,Iowa,605.0,78074
Franklin,Kansas,354.0,25663
Bourbon,Kentucky,338.0,20004
Nelson,Kentucky,702.0,44875
Bossier,Louisiana,1528.0,124720
Lafourche,Louisiana,1387.0,97688
St. John the Baptist,Louisiana,692.0,43888
Carroll,Maryland,1932.0,167535
Barnstable,Massachusetts,2798.0,214703
Bristol,Massachusetts,6969.0,554868
Monroe,Michigan,2121.0,149945
Renville,Minnesota,178.0,14995
Missoula,Montana,1218.0,113101
Mercer,New Jersey,3771.0,371101
Sandoval,New Mexico,1706.0,138117
Broome,New York,2426.0,197381
Tioga,New York,565.0,49649
Tompkins,New York,866.0,104268
Brunswick,North Carolina,2210.0,119167
Craven,North Carolina,1623.0,104190
Harnett,North Carolina,1638.0,126620
Belmont,Ohio,1123.0,69228
Butler,Ohio,5172.0,373638
Franklin,Ohio,15443.0,1232118
Lorain,Ohio,4309.0,304091
Summit,Ohio,7885.0,541372
Tuscarawas,Ohio,1277.0,92579
Jackson,Oklahoma,379.0,25864
Allegheny,Pennsylvania,16701.0,1230360
Beaufort,South Carolina,1940.0,175316
Lexington,South Carolina,3798.0,277702
Campbell,Tennessee,997.0,40008
Brazoria,Texas,3728.0,338419
Hays,Texas,1677.0,185686
Summit,Utah,235.0,39009
Washington,Vermont,654.0,58963
Windsor,Vermont,722.0,55894
Chesterfield,Virginia,3655.0,331839
Spotsylvania,Virginia,1475.0,129181
Klickitat,Washington,325.0,20930
Winnebago,Wisconsin,1795.0,169487
Lee,Alabama,1701.0,153947
Shelby,Alabama,2188.0,205951
Garland,Arkansas,1896.0,97119
Saline,Arkansas,1721.0,115577
San Bernardino,California,22654.0,2106754
Santa Barbara,California,3518.0,439395
Garfield,Colorado,520.0,57495
Baker,Florida,474.0,27312
Citrus,Florida,3257.0,140453
Clarke,Georgia,1189.0,122037
Clayton,Georgia,3436.0,270269
Dougherty,Georgia,1576.0,92326
Newton,Georgia,1488.0,103901
Maui,Hawaii,1595.0,162456
Clinton,Illinois,414.0,37858
Whiteside,Illinois,797.0,57155
Winnebago,Illinois,4244.0,288896
Hamilton,Indiana,2137.0,303042
Allamakee,Iowa,169.0,14001
Polk,Iowa,5004.0,459159
Clark,Kentucky,712.0,35706
St. Bernard,Louisiana,762.0,44091
Lincoln,Maine,488.0,34165
Baltimore city,Maryland,12413.0,621000
Howard,Maryland,2098.0,308447
Hampden,Massachusetts,5749.0,468072
Plymouth,Massachusetts,5915.0,506657
Ottawa,Michigan,2099.0,276583
Waseca,Minnesota,163.0,19034
Washington,Minnesota,1934.0,248745
Hinds,Mississippi,3826.0,244596
Hillsborough,New Hampshire,4542.0,404948
Erie,New York,11768.0,922129
Greene,New York,689.0,48069
Montgomery,New York,686.0,49667
Putnam,New York,918.0,99408
Watauga,North Carolina,415.0,52745
Wilson,North Carolina,1361.0,81617
Lucas,Ohio,6923.0,434800
Medina,Ohio,1900.0,175543
Cleveland,Oklahoma,3039.0,271818
Kay,Oklahoma,832.0,45398
Payne,Oklahoma,847.0,79953
Yamhill,Oregon,1187.0,102217
Lehigh,Pennsylvania,3934.0,358792
Luzerne,Pennsylvania,5067.0,318917
Anderson,South Carolina,3300.0,192709
Greenville,South Carolina,6313.0,482191
Horry,South Carolina,5687.0,300418
Denton,Texas,5705.0,754650
Utah,Utah,3333.0,564177
Lewis,Washington,1227.0,75724
Lincoln,Washington,151.0,10326
Fairbanks North Star Borough,Alaska,942.0,100150
Cleburne,Arkansas,487.0,25587
Cleveland,Arkansas,156.0,8421
Desha,Arkansas,267.0,12234
Lincoln,Arkansas,232.0,13935
Nevada,California,1221.0,98639
Escambia,Florida,5168.0,309574
Lake,Florida,5040.0,317586
Forsyth,Georgia,1489.0,203841
Hall,Georgia,2157.0,190482
Paulding,Georgia,1615.0,149830
Troup,Georgia,1186.0,69314
Peoria,Illinois,2485.0,186818
Will,Illinois,6426.0,685378
Bartholomew,Indiana,1022.0,80203
Floyd,Indiana,1139.0,76290
Ascension,Louisiana,1263.0,117009
Frederick,Maryland,2409.0,243465
Talbot,Maryland,414.0,37668
Benton,Minnesota,378.0,39457
Blue Earth,Minnesota,555.0,65524
Hancock,Mississippi,805.0,46028
Monroe,Mississippi,648.0,36029
Cass,Missouri,1274.0,101324
Carroll,New Hampshire,681.0,47416
Hunterdon,New Jersey,1009.0,125708
Somerset,New Jersey,2537.0,331686
Allegany,New York,628.0,47700
Onondaga,New York,5156.0,468050
Ontario,New York,1322.0,109450
Durham,North Carolina,2964.0,294618
Geauga,Ohio,924.0,94020
Canadian,Oklahoma,1541.0,129571
Benton,Oregon,624.0,87455
Fairfield,South Carolina,489.0,23025
Sevier,Tennessee,1681.0,94537
Bowie,Texas,1553.0,93483
Matagorda,Texas,612.0,36719
Tooele,Utah,617.0,61986
Wasatch,Utah,194.0,27895
Orange,Vermont,334.0,28897
Stafford,Virginia,1193.0,139548
York,Virginia,514.0,66919
Outagamie,Wisconsin,1707.0,181799
Wood,Wisconsin,960.0,73621
Madison,Alabama,4805.0,349973
St. Clair,Alabama,1519.0,86576
Ketchikan Gateway Borough,Alaska,169.0,13715
Navajo,Arizona,1820.0,108209
Kern,California,10143.0,871337
Monterey,California,3342.0,430201
Sussex,Delaware,3425.0,211224
Brevard,Florida,9617.0,560683
Polk,Florida,9876.0,637691
Richmond,Georgia,3566.0,201418
Whitfield,Georgia,1273.0,103653
Hawaii,Hawaii,2580.0,193680
Madison,Idaho,156.0,38114
Franklin,Indiana,279.0,22887
Lake,Indiana,7175.0,489698
Adair,Iowa,85.0,7330
Black Hawk,Iowa,1531.0,132821
Douglas,Kansas,927.0,116352
Ford,Kansas,308.0,34492
Lyon,Kentucky,151.0,8325
East Baton Rouge,Louisiana,6265.0,445337
Washington,Louisiana,1078.0,46367
Kennebec,Maine,1717.0,120953
Oxford,Maine,925.0,57299
York,Maine,2630.0,200536
Jackson,Michigan,2396.0,159483
Otsego,Michigan,360.0,24198
Martin,Minnesota,242.0,20193
Nicollet,Minnesota,228.0,33226
Harrison,Mississippi,3488.0,198570
Jackson,Mississippi,2170.0,140850
Boone,Missouri,1502.0,172773
Cole,Missouri,883.0,76603
Jackson,Missouri,9565.0,683643
Knox,Nebraska,102.0,8551
Sarpy,Nebraska,1329.0,172460
Gloucester,New Jersey,3658.0,291286
Warren,New Jersey,1244.0,107095
Taos,New Mexico,495.0,32961
Clinton,New York,953.0,81505
Rensselaer,New York,1896.0,159959
Sullivan,New York,1109.0,75818
Wyoming,New York,500.0,41239
Iredell,North Carolina,2248.0,167493
Sampson,North Carolina,1060.0,63713
Burleigh,North Dakota,883.0,90560
Cass,North Dakota,1434.0,166852
Coshocton,Ohio,559.0,36665
Darke,Ohio,771.0,52185
Lake,Ohio,3101.0,229266
Mahoning,Ohio,3702.0,233015
Pawnee,Oklahoma,302.0,16444
Lane,Oregon,4606.0,360273
Beaver,Pennsylvania,2692.0,169205
Calhoun,South Carolina,273.0,14886
Richland,South Carolina,5030.0,401743
York,South Carolina,3216.0,245606
Brazos,Texas,1408.0,209896
Ellis,Texas,1921.0,160225
Lubbock,Texas,3776.0,294682
Charlottesville city,Virginia,405.0,45538
Goochland,Virginia,288.0,21979
Henrico,Virginia,3561.0,321921
Williamsburg city,Virginia,nan,14988
Franklin,Washington,621.0,87810
Mason,Washington,958.0,61060
Jefferson,West Virginia,815.0,55531
Kenosha,Wisconsin,1956.0,167896
Laramie,Wyoming,1158.0,96459
Park,Wyoming,365.0,29083
Calhoun,Alabama,2373.0,115883
Talladega,Alabama,1705.0,81057
Kenai Peninsula Borough,Alaska,848.0,57637
Coconino,Arizona,1508.0,138064
Bradley,Arkansas,215.0,11096
Faulkner,Arkansas,1529.0,120417
Washington,Arkansas,2419.0,219930
Mendocino,California,1236.0,87409
Yuma,Colorado,94.0,10150
Middlesex,Connecticut,1787.0,164438
Kent,Delaware,2425.0,171474
Leon,Florida,2798.0,284788
Sumter,Florida,1992.0,113589
Walton,Florida,1004.0,61528
Columbia,Georgia,1385.0,139904
Houston,Georgia,1891.0,149137
Twin Falls,Idaho,975.0,80955
Jackson,Illinois,717.0,59188
Kankakee,Illinois,1638.0,111493
Kendall,Illinois,835.0,121452
LaSalle,Illinois,1599.0,111935
Madison,Illinois,3872.0,266759
Washington,Illinois,171.0,14369
Williamson,Illinois,1015.0,67336
Clark,Indiana,1979.0,113993
Fayette,Indiana,493.0,23608
Jennings,Indiana,559.0,28023
Madison,Indiana,2159.0,129862
Washington,Iowa,266.0,22115
Winneshiek,Iowa,150.0,20789
Leavenworth,Kansas,902.0,78785
Franklin,Kentucky,893.0,49982
Kenton,Kentucky,2431.0,163393
Warren,Kentucky,1605.0,121066
Penobscot,Maine,2166.0,152978
Franklin,Massachusetts,888.0,70916
Rice,Minnesota,556.0,65116
Bolivar,Mississippi,722.0,33615
Coahoma,Mississippi,508.0,24804
DeSoto,Mississippi,2318.0,170890
Madison,Mississippi,1252.0,101791
Perry,Mississippi,227.0,12174
St. Charles,Missouri,3828.0,379856
St. Louis city,Missouri,5708.0,316030
Adams,Nebraska,417.0,31536
Lincoln,Nebraska,433.0,35777
Belknap,New Hampshire,883.0,60392
Merrimack,New Hampshire,1768.0,147715
Atlantic,New Jersey,3951.0,274026
Chenango,New York,721.0,49286
Essex,New York,497.0,38598
Hamilton,New York,nan,4697
Jefferson,New York,1183.0,117966
Livingston,New York,716.0,64622
Warren,New York,857.0,64911
Washington,New York,821.0,62465
Gaston,North Carolina,3629.0,211753
Guilford,North Carolina,6308.0,511815
Hoke,North Carolina,643.0,51853
Lincoln,North Carolina,1226.0,79783
Moore,North Carolina,1213.0,93070
New Hanover,North Carolina,2726.0,216430
Morton,North Dakota,360.0,29633
Ashland,Ohio,724.0,53343
Clark,Ohio,2649.0,136175
Delaware,Ohio,1422.0,188996
Huron,Ohio,851.0,58704
Miami,Ohio,1468.0,103864
Adams,Pennsylvania,1210.0,101759
Berks,Pennsylvania,4682.0,414097
Lackawanna,Pennsylvania,3282.0,213006
York,Pennsylvania,5381.0,440604
Lee,South Carolina,431.0,18189
Cheatham,Tennessee,731.0,39575
Robertson,Tennessee,1110.0,67905
Sumner,Tennessee,2412.0,172786
Lavaca,Texas,283.0,19654
McLennan,Texas,3035.0,243394
Medina,Texas,602.0,47920
Rusk,Texas,806.0,53197
Webb,Texas,2182.0,266006
Wichita,Texas,2018.0,132148
Williamson,Texas,3875.0,490619
Box Elder,Utah,518.0,51528
Cache,Utah,704.0,118824
Charles City,Virginia,147.0,7086
Richmond city,Virginia,3122.0,216773
Benton,Washington,1896.0,187519
Mercer,West Virginia,1386.0,61476
Brown,Wisconsin,2519.0,256621
La Crosse,Wisconsin,1146.0,117538
Washington,Wisconsin,1200.0,133422
Teton,Wyoming,109.0,22623
Chambers,Alabama,654.0,34018
Mobile,Alabama,7126.0,414291
Walker,Alabama,1675.0,65593
Santa Cruz,Arizona,351.0,46547
Yavapai,Arizona,3621.0,218586
Benton,Arkansas,2590.0,245231
Boone,Arkansas,617.0,37301
Clark,Arkansas,316.0,22684
Craighead,Arkansas,1390.0,102884
Crittenden,Arkansas,923.0,49511
Grant,Arkansas,293.0,18046
Greene,Arkansas,796.0,43745
Independence,Arkansas,580.0,37030
Poinsett,Arkansas,562.0,24131
Polk,Arkansas,375.0,20290
Pope,Arkansas,901.0,63107
Searcy,Arkansas,149.0,7938
Sebastian,Arkansas,1986.0,127351
Sevier,Arkansas,244.0,17193
Van Buren,Arkansas,294.0,16892
Crowley,Colorado,nan,5537
Grand,Colorado,125.0,14490
Morgan,Colorado,348.0,28288
Tolland,Connecticut,1328.0,151689
Windham,Connecticut,1426.0,117078
Hernando,Florida,3305.0,176797
Indian River,Florida,2084.0,145342
Jackson,Florida,960.0,48721
Martin,Florida,1995.0,153592
Bibb,Georgia,2701.0,154194
Early,Georgia,215.0,10480
Effingham,Georgia,840.0,55852
Glynn,Georgia,1336.0,82623
Laurens,Georgia,882.0,47802
Peach,Georgia,523.0,26907
Rockdale,Georgia,1156.0,87569
Owen,Indiana,360.0,21038
Tippecanoe,Indiana,1701.0,183397
Wayne,Indiana,1295.0,67423
Dubuque,Iowa,922.0,96359
Muscatine,Iowa,509.0,42949
Cherokee,Kansas,391.0,20737
Linn,Kansas,170.0,9524
Morris,Kansas,nan,5694
Sedgwick,Kansas,6576.0,508221
Christian,Kentucky,1047.0,73936
Daviess,Kentucky,1524.0,98724
Henderson,Kentucky,781.0,46362
Pulaski,Kentucky,1300.0,63772
Scott,Kentucky,680.0,51348
Assumption,Louisiana,336.0,22973
Calcasieu,Louisiana,3293.0,197233
Iberia,Louisiana,1230.0,73799
Iberville,Louisiana,577.0,33159
Lafayette,Louisiana,2728.0,234963
Livingston,Louisiana,1925.0,135925
Plaquemines,Louisiana,295.0,23584
St. James,Louisiana,338.0,21581
St. Landry,Louisiana,1612.0,83699
Webster,Louisiana,813.0,40335
West Baton Rouge,Louisiana,369.0,25017
Calvert,Maryland,976.0,90527
Wicomico,Maryland,1463.0,101527
Hampshire,Massachusetts,1426.0,161035
Clinton,Michigan,696.0,77245
Eaton,Michigan,1330.0,108544
Genesee,Michigan,6979.0,413090
Livingston,Michigan,1896.0,185841
Midland,Michigan,894.0,83559
Mower,Minnesota,394.0,39248
Scott,Minnesota,883.0,139490
Holmes,Mississippi,364.0,18547
Jones,Mississippi,1193.0,68313
Scott,Mississippi,525.0,28268
Walthall,Mississippi,270.0,14812
Wilkinson,Mississippi,204.0,9233
Winston,Mississippi,351.0,18519
Yazoo,Mississippi,515.0,27719
Broadwater,Montana,nan,5692
Flathead,Montana,1138.0,94696
Madison,Montana,94.0,7810
Roosevelt,Montana,250.0,11230
Nemaha,Nebraska,93.0,7101
Elko,Nevada,547.0,52029
Cape May,New Jersey,1598.0,95404
Sussex,New Jersey,1740.0,144694
San Miguel,New Mexico,481.0,28350
Schoharie,New York,397.0,31667
Wayne,New York,1221.0,91874
Hamilton,Ohio,11344.0,805965
Montgomery,Ohio,9281.0,532761
Richland,Ohio,2092.0,121888
Custer,Oklahoma,427.0,29248
Grady,Oklahoma,832.0,53955
Logan,Oklahoma,572.0,45171
McClain,Oklahoma,590.0,37222
Washington,Oklahoma,786.0,51892
Lancaster,Pennsylvania,5459.0,533110
Lebanon,Pennsylvania,1716.0,136950
Westmoreland,Pennsylvania,5257.0,359377
Abbeville,South Carolina,430.0,24951
Dorchester,South Carolina,1938.0,148517
Saluda,South Carolina,289.0,20113
Cumberland,Tennessee,1111.0,57895
Dyer,Tennessee,800.0,37970
Montgomery,Tennessee,2361.0,189709
Washington,Tennessee,2108.0,126044
Wilson,Tennessee,1735.0,125616
Cameron,Texas,3947.0,418785
Crane,Texas,55.0,4823
DeWitt,Texas,340.0,20660
Johnson,Texas,2229.0,157544
Van Zandt,Texas,914.0,53070
Clallam,Washington,1127.0,72969
Monongalia,West Virginia,989.0,102827
Tucker,West Virginia,111.0,6922
Bayfield,Wisconsin,219.0,14987
Calumet,Wisconsin,403.0,49653
Columbia,Wisconsin,661.0,56650
Eau Claire,Wisconsin,1034.0,101907
Ozaukee,Wisconsin,732.0,87625
Sauk,Wisconsin,769.0,63317
Walworth,Wisconsin,1148.0,103021
Cullman,Alabama,1501.0,81316
Jackson,Alabama,1126.0,52608
Lamar,Alabama,290.0,14066
Lauderdale,Alabama,1553.0,92641
Washington,Alabama,313.0,16909
Yuma,Arizona,1994.0,203292
Amador,California,529.0,36963
Imperial,California,1636.0,178807
Broomfield,Colorado,462.0,62449
Park,Colorado,205.0,16440
San Miguel,Colorado,nan,7767
New London,Connecticut,3075.0,272033
Monroe,Florida,1189.0,77150
Carroll,Georgia,1826.0,113756
Chatham,Georgia,3789.0,282613
Dawson,Georgia,377.0,22939
Douglas,Georgia,1724.0,138283
Heard,Georgia,245.0,11571
Lamar,Georgia,352.0,18195
Lincoln,Georgia,146.0,7712
Miller,Georgia,154.0,5911
Monroe,Georgia,452.0,27044
Muscogee,Georgia,3233.0,200303
Oconee,Georgia,304.0,35071
Pickens,Georgia,521.0,29992
Randolph,Georgia,147.0,7224
Spalding,Georgia,1299.0,64006
Sumter,Georgia,596.0,31070
Terrell,Georgia,167.0,9132
Tift,Georgia,649.0,40691
Turner,Georgia,171.0,8151
Worth,Georgia,383.0,20988
Bingham,Idaho,562.0,45261
Canyon,Idaho,2215.0,202782
Kootenai,Idaho,1775.0,147716
Adams,Illinois,895.0,66949
Christian,Illinois,483.0,33888
McLean,Illinois,1492.0,173254
Allen,Indiana,4788.0,365565
Grant,Indiana,1234.0,68269
Shelby,Indiana,667.0,44404
Vanderburgh,Indiana,2760.0,181692
Vigo,Indiana,1685.0,108099
Reno,Kansas,876.0,63803
Riley,Kansas,436.0,75026
Calloway,Kentucky,511.0,38302
Catahoula,Louisiana,197.0,10145
De Soto,Louisiana,462.0,27047
Rapides,Louisiana,2310.0,132373
Tangipahoa,Louisiana,2222.0,127115
Worcester,Maryland,800.0,51441
Chisago,Minnesota,560.0,54041
Clay,Minnesota,552.0,61402
Fillmore,Minnesota,196.0,20877
Adams,Mississippi,655.0,31747
Franklin,Mississippi,153.0,7818
Humphreys,Mississippi,164.0,8822
Lafayette,Mississippi,549.0,52193
Lawrence,Mississippi,265.0,12603
Lee,Mississippi,1357.0,85281
Marshall,Mississippi,691.0,36196
Pike,Mississippi,836.0,39939
Rankin,Mississippi,1864.0,147930
Smith,Mississippi,275.0,16137
Tippah,Mississippi,433.0,22061
Christian,Missouri,884.0,82053
Dunklin,Missouri,670.0,31271
Kansas City,Missouri,14267.0,1113072
Pulaski,Missouri,561.0,53302
Scott,Missouri,705.0,38994
Buffalo,Nebraska,407.0,48402
Lancaster,Nebraska,2791.0,301707
Nye,Nevada,1187.0,43198
Cheshire,New Hampshire,927.0,76320
Cumberland,New Jersey,2372.0,155744
Do√±a Ana,New Mexico,2187.0,213825
McKinley,New Mexico,1296.0,74346
Columbia,New York,842.0,61860
Fulton,New York,776.0,54297
Genesee,New York,789.0,59053
Niagara,New York,3073.0,213374
Oneida,New York,3070.0,232858
Carteret,North Carolina,1197.0,68537
Davidson,North Carolina,2679.0,164058
Franklin,North Carolina,960.0,62989
Orange,North Carolina,1087.0,139807
Pasquotank,North Carolina,644.0,39909
Pitt,North Carolina,2008.0,175150
Rowan,North Carolina,2448.0,138694
Stanly,North Carolina,995.0,60610
Pierce,North Dakota,nan,4373
Ramsey,North Dakota,130.0,11578
Ashtabula,Ohio,1744.0,99175
Columbiana,Ohio,1743.0,105230
Marion,Ohio,1127.0,65620
Union,Ohio,523.0,53955
Warren,Ohio,2256.0,222184
Garvin,Oklahoma,557.0,27570
Grant,Oregon,118.0,7227
Union,Oregon,359.0,25758
Centre,Pennsylvania,1033.0,159178
Erie,Pennsylvania,3856.0,279133
Franklin,Pennsylvania,1888.0,152707
Potter,Pennsylvania,281.0,17239
Aiken,South Carolina,2756.0,165146
Berkeley,South Carolina,2616.0,199081
Clarendon,South Carolina,661.0,34056
Darlington,South Carolina,1452.0,67689
Florence,South Carolina,2510.0,138575
Orangeburg,South Carolina,1766.0,89731
Pickens,South Carolina,1770.0,120722
Sumter,South Carolina,1742.0,107682
Anderson,Tennessee,1369.0,75545
Blount,Tennessee,2049.0,126192
Bradley,Tennessee,1599.0,102860
Dickson,Tennessee,959.0,50926
Greene,Tennessee,1437.0,68502
Hamblen,Tennessee,1173.0,63203
Maury,Tennessee,1427.0,85767
Tipton,Tennessee,982.0,61558
Brown,Texas,690.0,37935
Cass,Texas,569.0,30346
Fannin,Texas,669.0,33757
Hockley,Texas,321.0,23377
Upshur,Texas,746.0,40295
Addison,Vermont,335.0,36926
Rutland,Vermont,885.0,60133
Accomack,Virginia,600.0,33060
Gloucester,Virginia,618.0,37021
Newport News city,Virginia,2407.0,181606
Norfolk city,Virginia,3360.0,245724
Portsmouth city,Virginia,1717.0,96071
Cowlitz,Washington,1683.0,102854
San Juan,Washington,164.0,16056
Stevens,Washington,664.0,43744
Jackson,West Virginia,482.0,29199
Kanawha,West Virginia,3810.0,189636
Chippewa,Wisconsin,672.0,63355
Douglas,Wisconsin,541.0,43705
Dunn,Wisconsin,427.0,44348
Green,Wisconsin,370.0,37050
Jefferson,Wisconsin,923.0,84538
Marathon,Wisconsin,1320.0,135367
Rock,Wisconsin,2013.0,160986
St. Croix,Wisconsin,714.0,86726
Campbell,Wyoming,428.0,48473
Natrona,Wyoming,993.0,80871
Marion,Alabama,620.0,30239
Apache,Arizona,1296.0,72346
Cochise,Arizona,1785.0,128177
Butte,California,3263.0,223877
El Dorado,California,1968.0,183000
Siskiyou,California,820.0,43668
Yuba,California,1164.0,73897
Chaffee,Colorado,216.0,18507
Elbert,Colorado,221.0,24225
Hinsdale,Colorado,nan,856
Montrose,Colorado,511.0,40866
Bay,Florida,3152.0,178361
Highlands,Florida,1874.0,98862
Marion,Florida,6598.0,340341
Putnam,Florida,1634.0,72304
St. Lucie,Florida,4303.0,293136
Baldwin,Georgia,748.0,45808
Lumpkin,Georgia,453.0,31094
DeKalb,Illinois,930.0,104458
Delaware,Indiana,1889.0,116463
Elkhart,Indiana,2373.0,201640
Hancock,Indiana,909.0,71955
Harrison,Indiana,610.0,39370
Miami,Indiana,542.0,36093
Washington,Indiana,500.0,27792
Fayette,Iowa,264.0,20391
Henry,Iowa,235.0,19941
Linn,Iowa,2232.0,218076
Story,Iowa,583.0,94834
Anderson,Kentucky,388.0,21867
Madison,Kentucky,1232.0,87324
Spencer,Kentucky,255.0,17798
Avoyelles,Louisiana,776.0,41252
Beauregard,Louisiana,661.0,36435
Bienville,Louisiana,286.0,13924
Claiborne,Louisiana,262.0,16452
Evangeline,Louisiana,623.0,33765
Ouachita,Louisiana,2476.0,156398
St. Mary,Louisiana,895.0,53053
Sagadahoc,Maine,455.0,35134
Caroline,Maryland,508.0,32653
Somerset,Maryland,423.0,25899
Washington,Maryland,2132.0,149571
Nantucket,Massachusetts,88.0,10694
Allegan,Michigan,1371.0,113666
Barry,Michigan,762.0,59316
Berrien,Michigan,2254.0,155134
Calhoun,Michigan,2139.0,134691
Clare,Michigan,645.0,30608
Saginaw,Michigan,2894.0,195201
Tuscola,Michigan,828.0,54014
Wexford,Michigan,482.0,32829
Dodge,Minnesota,185.0,20361
Jackson,Minnesota,83.0,10163
St. Louis,Minnesota,2547.0,200353
Steele,Minnesota,339.0,36541
Wabasha,Minnesota,213.0,21327
Attala,Mississippi,348.0,19085
Clay,Mississippi,338.0,20147
George,Mississippi,420.0,23313
Grenada,Mississippi,507.0,21518
Itawamba,Mississippi,425.0,23511
Leake,Mississippi,395.0,23011
Lincoln,Mississippi,630.0,34691
Lowndes,Mississippi,951.0,59785
Panola,Mississippi,657.0,34319
Simpson,Mississippi,500.0,27279
Tunica,Mississippi,215.0,10407
Union,Mississippi,437.0,27989
Washington,Mississippi,1042.0,48824
Bates,Missouri,261.0,16513
Jasper,Missouri,1866.0,117376
Johnson,Missouri,531.0,54229
Cascade,Montana,1125.0,82049
Ravalli,Montana,548.0,41130
Strafford,New Hampshire,1498.0,125913
Lea,New Mexico,891.0,68930
Steuben,New York,1302.0,98151
Buncombe,North Carolina,3416.0,250112
Catawba,North Carolina,2433.0,155461
Clermont,Ohio,2805.0,201092
Defiance,Ohio,520.0,38488
Erie,Ohio,1252.0,75808
Licking,Ohio,2273.0,169762
Josephine,Oregon,1595.0,84063
Butler,Pennsylvania,2311.0,185974
Montour,Pennsylvania,265.0,18404
Dillon,South Carolina,663.0,31273
Edgefield,South Carolina,380.0,26388
Greenwood,South Carolina,1131.0,69881
Jasper,South Carolina,431.0,27186
Marlboro,South Carolina,623.0,27702
Newberry,South Carolina,603.0,37750
Carroll,Tennessee,584.0,28417
Cocke,Tennessee,909.0,35256
Fayette,Tennessee,643.0,39071
Monroe,Tennessee,903.0,45482
Putnam,Tennessee,1157.0,74652
Roane,Tennessee,1147.0,52983
Scott,Tennessee,504.0,22029
Bastrop,Texas,1145.0,78286
Castro,Texas,86.0,7875
Deaf Smith,Texas,217.0,19039
Midland,Texas,1656.0,155817
Oldham,Texas,nan,2069
Potter,Texas,1872.0,121883
Franklin,Vermont,582.0,48625
Windham,Vermont,601.0,43609
Albemarle,Virginia,846.0,104287
Botetourt,Virginia,413.0,33192
Franklin,Virginia,860.0,56230
Isle of Wight,Virginia,485.0,36027
Mecklenburg,Virginia,659.0,31209
Suffolk city,Virginia,1075.0,87061
Marshall,West Virginia,517.0,32296
Putnam,West Virginia,871.0,56743
Carbon,Wyoming,226.0,15696
Bradford,Florida,501.0,26919
Columbia,Florida,1330.0,68198
DeSoto,Florida,538.0,35134
Flagler,Florida,1620.0,102917
Barrow,Georgia,1091.0,73340
Butts,Georgia,485.0,23479
Chattooga,Georgia,561.0,25046
Clinch,Georgia,155.0,6814
Coffee,Georgia,742.0,43042
Tattnall,Georgia,409.0,25260
Twiggs,Georgia,199.0,8363
Valley,Idaho,109.0,9897
Champaign,Illinois,1764.0,206420
Jo Daviess,Illinois,272.0,22186
Livingston,Illinois,546.0,37278
Rock Island,Illinois,1973.0,146536
Stephenson,Illinois,605.0,46283
Monroe,Indiana,1265.0,143292
Morgan,Indiana,1032.0,69504
Putnam,Indiana,461.0,37626
Ripley,Indiana,434.0,28633
Scott,Indiana,538.0,23734
Tipton,Indiana,216.0,15447
Cerro Gordo,Iowa,597.0,43303
Kossuth,Iowa,141.0,15226
Poweshiek,Iowa,219.0,18622
Scott,Iowa,2006.0,171116
Sioux,Iowa,221.0,34621
Tama,Iowa,235.0,17423
Woodbury,Iowa,1271.0,102426
Jackson,Kansas,174.0,13365
Mitchell,Kansas,64.0,6299
Allen,Kentucky,385.0,20421
Breathitt,Kentucky,366.0,13476
Hardin,Kentucky,1429.0,107573
Jessamine,Kentucky,735.0,51015
Oldham,Kentucky,639.0,63876
Acadia,Louisiana,1027.0,62372
Cecil,Maryland,1597.0,102175
St. Mary's,Maryland,1215.0,110675
Emmet,Michigan,421.0,33091
Gladwin,Michigan,482.0,25367
Grand Traverse,Michigan,1027.0,90715
Roscommon,Michigan,562.0,23900
Le Sueur,Minnesota,247.0,27650
Chickasaw,Mississippi,321.0,17357
Montgomery,Mississippi,232.0,10353
Oktibbeha,Mississippi,508.0,49424
Pontotoc,Mississippi,484.0,30862
Sunflower,Mississippi,615.0,27424
Tate,Mississippi,490.0,28338
Webster,Mississippi,191.0,9922
Dawson,Nebraska,233.0,23924
Sullivan,New Hampshire,594.0,43051
Salem,New Jersey,1042.0,64504
San Juan,New Mexico,1770.0,122537
Cortland,New York,597.0,48713
Madison,New York,743.0,72089
St. Lawrence,New York,1373.0,111529
Cherokee,North Carolina,544.0,27226
Cumberland,North Carolina,4420.0,325841
Davie,North Carolina,625.0,41568
Granville,North Carolina,874.0,58341
Henderson,North Carolina,1540.0,110905
Lee,North Carolina,957.0,59540
Nash,North Carolina,1672.0,94385
Robeson,North Carolina,2590.0,134576
Scotland,North Carolina,722.0,35711
Union,North Carolina,2178.0,217614
Carroll,Ohio,427.0,28108
Clinton,Ohio,697.0,41854
Gallia,Ohio,629.0,30376
Greene,Ohio,1876.0,164325
Hancock,Ohio,991.0,75672
Portage,Ohio,2066.0,161796
Wood,Ohio,1409.0,129418
Muskogee,Oklahoma,1467.0,69939
Noble,Oklahoma,188.0,11470
Columbia,Pennsylvania,883.0,66772
Dauphin,Pennsylvania,3538.0,271962
Fayette,Pennsylvania,2446.0,134229
Mercer,Pennsylvania,1744.0,114598
Schuylkill,Pennsylvania,2491.0,145503
Colleton,South Carolina,871.0,37884
Brown,South Dakota,391.0,38430
Chester,Tennessee,271.0,17355
Franklin,Tennessee,730.0,41348
Gibson,Tennessee,990.0,49511
Houston,Tennessee,179.0,8234
Loudon,Tennessee,929.0,50637
Marion,Tennessee,632.0,28363
McMinn,Tennessee,1059.0,52606
Perry,Tennessee,202.0,7891
Amherst,Virginia,466.0,31999
Bedford,Virginia,1113.0,76933
Culpeper,Virginia,654.0,48952
Fluvanna,Virginia,314.0,26046
Lee,Virginia,475.0,24911
Louisa,Virginia,540.0,34350
Rockingham,Virginia,836.0,78427
Whitman,Washington,312.0,47494
Franklin,Alabama,531.0,31573
Houston,Alabama,1637.0,103891
Tallapoosa,Alabama,807.0,40958
Juneau City and Borough,Alaska,347.0,32524
Matanuska-Susitna Borough,Alaska,1133.0,98679
La Plata,Colorado,492.0,53994
Logan,Colorado,275.0,21862
Teller,Colorado,309.0,23472
Burke,Georgia,419.0,22838
Catoosa,Georgia,1002.0,65645
Harris,Georgia,413.0,32992
Liberty,Georgia,750.0,63949
Madison,Georgia,463.0,28362
Morgan,Georgia,312.0,17943
Pierce,Georgia,339.0,19030
Washington,Georgia,362.0,20680
Monroe,Illinois,279.0,33703
Dubois,Indiana,486.0,42345
Hancock,Iowa,109.0,11006
Wapello,Iowa,547.0,35242
Bourbon,Kansas,235.0,14751
Lyon,Kansas,359.0,33401
Logan,Kentucky,451.0,26757
Allen,Louisiana,433.0,25619
Grant,Louisiana,363.0,22372
Lincoln,Louisiana,518.0,47480
Natchitoches,Louisiana,638.0,39258
Richland,Louisiana,372.0,20692
St. Martin,Louisiana,891.0,53385
Knox,Maine,543.0,39717
Garrett,Maryland,413.0,29677
Queen Anne's,Maryland,562.0,48712
Chippewa,Michigan,496.0,38330
Kalamazoo,Michigan,2833.0,258605
Muskegon,Michigan,2507.0,172148
Newaygo,Michigan,658.0,47957
Big Stone,Minnesota,nan,5098
Cass,Minnesota,495.0,28633
Lac qui Parle,Minnesota,80.0,6916
Sherburne,Minnesota,709.0,91188
Lamar,Mississippi,661.0,59623
Marion,Mississippi,531.0,25810
Tallahatchie,Mississippi,267.0,14776
Adair,Missouri,310.0,25547
Callaway,Missouri,614.0,44693
Camden,Missouri,751.0,44152
Clay,Missouri,2490.0,233135
Clinton,Missouri,294.0,20494
Lafayette,Missouri,504.0,32789
Moniteau,Missouri,168.0,15840
Perry,Missouri,265.0,19152
St. Francois,Missouri,1175.0,66230
Taney,Missouri,874.0,53853
Madison,Nebraska,399.0,35125
Washington,Nebraska,195.0,20338
Douglas,Nevada,628.0,47426
Chaves,New Mexico,1011.0,65610
Cayuga,New York,979.0,78783
Oswego,New York,1612.0,120513
Otsego,New York,745.0,60979
Alamance,North Carolina,2298.0,156372
Vance,North Carolina,899.0,44508
Walsh,North Dakota,159.0,10995
Knox,Ohio,839.0,60878
Logan,Ohio,753.0,45388
Madison,Ohio,627.0,43537
Sandusky,Ohio,901.0,59870
Washington,Ohio,976.0,61154
Pontotoc,Oklahoma,651.0,38213
Hood River,Oregon,194.0,22842
Cambria,Pennsylvania,2326.0,137762
Chester,South Carolina,717.0,32435
Georgetown,South Carolina,1125.0,60804
Oconee,South Carolina,1300.0,75375
Codington,South Dakota,272.0,27886
Hughes,South Dakota,182.0,17518
Lyman,South Dakota,60.0,3855
Pennington,South Dakota,1296.0,107298
Morris,Texas,259.0,12653
Iron,Utah,500.0,47751
Danville city,Virginia,948.0,42360
Rockbridge,Virginia,290.0,22450
Adams,Washington,176.0,19100
Douglas,Washington,360.0,40101
Dodge,Wisconsin,1061.0,88404
Autauga,Alabama,791.0,55049
Morgan,Alabama,1988.0,119555
Columbia,Arkansas,399.0,24168
Conway,Arkansas,405.0,21060
Crawford,Arkansas,1009.0,61927
Cross,Arkansas,362.0,17329
Hot Spring,Arkansas,676.0,33440
Lawrence,Arkansas,355.0,16915
Pike,Arkansas,186.0,11017
Stone,Arkansas,249.0,12503
Union,Arkansas,825.0,40334
White,Arkansas,1254.0,78823
Woodruff,Arkansas,166.0,6873
Calaveras,California,727.0,44787
Merced,California,2695.0,265001
Mono,California,104.0,14051
Delta,Colorado,481.0,30221
Fremont,Colorado,758.0,46835
Huerfano,Colorado,138.0,6521
Baker,Georgia,nan,3250
Ben Hill,Georgia,330.0,17405
Bryan,Georgia,481.0,34104
Camden,Georgia,645.0,52092
Colquitt,Georgia,811.0,46002
Crisp,Georgia,415.0,23061
Fannin,Georgia,484.0,24017
Greene,Georgia,295.0,16535
Irwin,Georgia,177.0,9365
Jasper,Georgia,234.0,13571
Macon,Georgia,269.0,13846
Meriwether,Georgia,448.0,21195
Mitchell,Georgia,430.0,22778
Pulaski,Georgia,194.0,11460
Seminole,Georgia,194.0,8696
Stephens,Georgia,545.0,25584
Bannock,Idaho,1073.0,83815
Cassia,Idaho,269.0,23441
Grundy,Illinois,563.0,50338
Brown,Indiana,249.0,14965
Dearborn,Indiana,745.0,49552
Decatur,Indiana,359.0,26340
Gibson,Indiana,510.0,33684
Jackson,Indiana,671.0,43637
Lawrence,Indiana,736.0,45696
Montgomery,Indiana,570.0,38108
Ohio,Indiana,85.0,6003
Porter,Indiana,2137.0,167016
Starke,Indiana,407.0,23069
Sullivan,Indiana,365.0,21026
Warrick,Indiana,781.0,61427
Buchanan,Iowa,259.0,21031
Cedar,Iowa,170.0,18389
Jasper,Iowa,493.0,36715
Warren,Iowa,497.0,48170
Doniphan,Kansas,101.0,7793
Pottawatomie,Kansas,218.0,22920
Woodson,Kansas,nan,3186
Martin,Kentucky,277.0,12478
McCracken,Kentucky,1122.0,65292
Menifee,Kentucky,143.0,6345
Muhlenberg,Kentucky,576.0,31216
Simpson,Kentucky,353.0,17856
Vernon,Louisiana,716.0,52101
Waldo,Maine,541.0,39071
Hillsdale,Michigan,653.0,46024
Isabella,Michigan,678.0,70574
Kalkaska,Michigan,298.0,17259
Lapeer,Michigan,1215.0,88310
Manistee,Michigan,419.0,24465
Choctaw,Mississippi,175.0,8320
Newton,Mississippi,383.0,21652
Noxubee,Mississippi,201.0,11098
Cape Girardeau,Missouri,1018.0,78089
Franklin,Missouri,1464.0,102063
Jefferson,Missouri,3395.0,222453
Pemiscot,Missouri,408.0,17599
Jefferson,Montana,151.0,11601
Saunders,Nebraska,260.0,20946
Cibola,New Mexico,430.0,27373
Curry,New Mexico,643.0,50544
Chemung,New York,1274.0,87742
Orleans,New York,570.0,41938
Montgomery,North Carolina,424.0,27475
Randolph,North Carolina,2370.0,142588
Transylvania,North Carolina,488.0,33062
Dunn,North Dakota,55.0,4284
Champaign,Ohio,607.0,39175
Crawford,Ohio,763.0,42485
Fairfield,Ohio,1789.0,150163
Highland,Ohio,721.0,43109
Mayes,Oklahoma,773.0,40923
Wagoner,Oklahoma,1015.0,76190
Clatsop,Oregon,576.0,37660
Armstrong,Pennsylvania,1110.0,67512
Bradford,Pennsylvania,857.0,61808
Carbon,Pennsylvania,1051.0,64330
Clearfield,Pennsylvania,1127.0,81170
Juniata,Pennsylvania,301.0,24811
Somerset,Pennsylvania,1127.0,76201
Chesterfield,South Carolina,954.0,46083
Brookings,South Dakota,203.0,33435
Claiborne,Tennessee,700.0,31701
DeKalb,Tennessee,412.0,19159
Grundy,Tennessee,338.0,13494
Hardin,Tennessee,614.0,25839
Lincoln,Tennessee,630.0,33582
Madison,Tennessee,1623.0,98128
Overton,Tennessee,498.0,22090
Chambers,Texas,493.0,38072
Comal,Texas,1563.0,124234
Falls,Texas,277.0,17265
Grayson,Texas,2102.0,124231
Hidalgo,Texas,6490.0,828334
Jefferson,Texas,3795.0,252993
Nueces,Texas,4683.0,355667
Parker,Texas,1676.0,123601
Victoria,Texas,1143.0,90989
Caledonia,Vermont,392.0,30859
Orleans,Vermont,399.0,27076
Chesapeake city,Virginia,2675.0,233194
Halifax,Virginia,673.0,35305
Berkeley,West Virginia,1837.0,110173
Harrison,West Virginia,1228.0,68775
Preston,West Virginia,525.0,33793
Wood,West Virginia,1570.0,86262
Sweetwater,Wyoming,532.0,44812
Blount,Alabama,1085.0,57704
Butler,Alabama,423.0,20280
Cherokee,Alabama,568.0,25897
Chilton,Alabama,829.0,43817
Clay,Alabama,275.0,13483
Cleburne,Alabama,305.0,14991
Colbert,Alabama,1044.0,54377
Dallas,Alabama,918.0,41426
Etowah,Alabama,2201.0,103363
Lawrence,Alabama,666.0,33433
Marshall,Alabama,1777.0,94534
Pickens,Alabama,327.0,20042
Pike,Alabama,521.0,33277
Russell,Alabama,1098.0,58636
Wilcox,Alabama,258.0,11119
Drew,Arkansas,321.0,18688
Inyo,California,284.0,18326
Sutter,California,1148.0,95406
Otero,Colorado,310.0,18440
Gadsden,Florida,784.0,46153
Decatur,Georgia,535.0,27237
Dodge,Georgia,378.0,20995
Jackson,Georgia,950.0,62131
Jones,Georgia,416.0,28701
Long,Georgia,175.0,17243
Taylor,Georgia,176.0,8354
Thomas,Georgia,751.0,44977
Ware,Georgia,705.0,35671
White,Georgia,423.0,28140
Wilkes,Georgia,208.0,9924
Fremont,Idaho,114.0,12896
Idaho,Idaho,240.0,16251
Jefferson,Idaho,238.0,27096
Nez Perce,Idaho,543.0,39995
Payette,Idaho,313.0,22773
Douglas,Illinois,246.0,19770
Marshall,Illinois,208.0,12060
Morgan,Illinois,519.0,34801
DeKalb,Indiana,574.0,42489
Jasper,Indiana,471.0,33461
Rush,Indiana,258.0,16873
Benton,Iowa,313.0,25720
Crawford,Kansas,559.0,39281
Neosho,Kansas,240.0,16358
Shawnee,Kansas,2632.0,178567
Grayson,Kentucky,545.0,26092
Laurel,Kentucky,1129.0,59950
McCreary,Kentucky,425.0,17850
Wayne,Kentucky,388.0,20557
Jackson,Louisiana,271.0,15999
Jefferson Davis,Louisiana,559.0,31399
Morehouse,Louisiana,590.0,26739
Union,Louisiana,439.0,22460
Winn,Louisiana,291.0,14695
Kent,Maryland,284.0,19819
Dukes,Massachusetts,183.0,17137
Iosco,Michigan,517.0,25373
Lenawee,Michigan,1354.0,98673
Marquette,Michigan,853.0,67418
Sanilac,Michigan,638.0,41761
Van Buren,Michigan,1106.0,75216
Goodhue,Minnesota,484.0,46450
Winona,Minnesota,463.0,51145
Calhoun,Mississippi,265.0,14724
Prentiss,Mississippi,513.0,25339
Cooper,Missouri,252.0,17613
McDonald,Missouri,394.0,22720
Montgomery,Missouri,239.0,11820
Newton,Missouri,927.0,58741
Platte,Missouri,938.0,94970
Ralls,Missouri,135.0,10225
Randolph,Missouri,420.0,25081
Shelby,Missouri,92.0,6148
Hill,Montana,218.0,16529
Dodge,Nebraska,474.0,36679
Lyon,Nevada,955.0,51897
Eddy,New Mexico,887.0,56369
Rio Arriba,New Mexico,739.0,39924
Chautauqua,New York,1904.0,131748
Franklin,New York,634.0,51007
Bertie,North Carolina,380.0,20324
Burke,North Carolina,1551.0,89082
Caldwell,North Carolina,1443.0,81623
Cleveland,North Carolina,1812.0,97113
Duplin,North Carolina,788.0,59121
Hertford,North Carolina,393.0,24285
Lenoir,North Carolina,1078.0,58343
McDowell,North Carolina,780.0,45013
Northampton,North Carolina,374.0,20628
Foster,North Dakota,nan,3345
Stark,North Dakota,232.0,29837
Fayette,Ohio,549.0,28719
Lawrence,Ohio,1311.0,61503
Mercer,Ohio,454.0,40886
Pickaway,Ohio,925.0,56804
Seneca,Ohio,756.0,55711
Wayne,Ohio,1501.0,115747
Adair,Oklahoma,440.0,22161
Bryan,Oklahoma,817.0,44529
Carter,Oklahoma,869.0,48530
Creek,Oklahoma,1318.0,70931
Delaware,Oklahoma,806.0,41433
Osage,Oklahoma,735.0,47923
Pottawatomie,Oklahoma,1341.0,71551
Stephens,Oklahoma,768.0,44631
Lincoln,Oregon,865.0,46685
Greene,Pennsylvania,640.0,37669
Lawrence,Pennsylvania,1439.0,88528
Lycoming,Pennsylvania,1530.0,116313
Warren,Pennsylvania,587.0,40649
Bristol,Rhode Island,428.0,49228
Kent,Rhode Island,2042.0,164886
Newport,Rhode Island,906.0,82714
Providence,Rhode Island,6839.0,631344
Washington,Rhode Island,1314.0,126319
Marion,South Carolina,756.0,31975
Union,South Carolina,616.0,27928
Williamsburg,South Carolina,727.0,32816
Lincoln,South Dakota,344.0,51396
Meade,South Dakota,300.0,26840
Bedford,Tennessee,859.0,46331
Hawkins,Tennessee,1119.0,56567
Lewis,Tennessee,243.0,11907
White,Tennessee,567.0,26373
Atascosa,Texas,611.0,47710
Austin,Texas,379.0,29107
Blanco,Texas,171.0,10918
Burnet,Texas,631.0,44584
Coryell,Texas,750.0,75710
Eastland,Texas,320.0,18252
Erath,Texas,454.0,40641
Fayette,Texas,334.0,24909
Gaines,Texas,169.0,19485
Grimes,Texas,465.0,27140
Guadalupe,Texas,1653.0,147313
Hale,Texas,401.0,35007
Hardin,Texas,894.0,55624
Hopkins,Texas,580.0,35844
Hunt,Texas,1501.0,89068
Kaufman,Texas,1528.0,111830
Kendall,Texas,408.0,39010
Lamar,Texas,876.0,49626
Liberty,Texas,1475.0,78598
Limestone,Texas,390.0,23469
Llano,Texas,391.0,19624
Maverick,Texas,566.0,56830
Milam,Texas,411.0,24372
Orange,Texas,1599.0,83751
Robertson,Texas,298.0,16537
San Patricio,Texas,997.0,66706
Terry,Texas,195.0,12724
Tom Green,Texas,1482.0,116264
Walker,Texas,853.0,69926
Wharton,Texas,628.0,41377
Wilson,Texas,571.0,46444
Lamoille,Vermont,266.0,25136
Frederick,Virginia,966.0,82321
Fredericksburg city,Virginia,282.0,27853
Madison,Virginia,190.0,13122
Manassas city,Virginia,389.0,41149
Mathews,Virginia,136.0,8848
Nelson,Virginia,268.0,14831
Nottoway,Virginia,272.0,15641
Orange,Virginia,541.0,34873
Roanoke,Virginia,1246.0,93655
Shenandoah,Virginia,573.0,42857
Ferry,Washington,136.0,7639
Okanogan,Washington,623.0,41299
Logan,West Virginia,994.0,35166
Marion,West Virginia,934.0,56716
Ohio,West Virginia,744.0,43257
Raleigh,West Virginia,1663.0,78051
Grant,Wisconsin,476.0,51723
Iowa,Wisconsin,247.0,23751
Juneau,Wisconsin,407.0,26399
Monroe,Wisconsin,587.0,45365
Albany,Wyoming,263.0,37836
Bullock,Alabama,203.0,10552
Choctaw,Alabama,269.0,13287
Coosa,Alabama,217.0,10864
Crenshaw,Alabama,290.0,13896
DeKalb,Alabama,1302.0,70937
Lowndes,Alabama,249.0,10565
Marengo,Alabama,415.0,20066
La Paz,Arizona,505.0,20304
Mohave,Arizona,4801.0,203629
Chicot,Arkansas,230.0,11189
Howard,Arkansas,250.0,13487
Lonoke,Arkansas,1104.0,71279
Randolph,Arkansas,350.0,17584
Kit Carson,Colorado,83.0,8174
Rio Grande,Colorado,173.0,11623
Washington,Colorado,66.0,4814
Washington,Florida,524.0,24627
Calhoun,Georgia,117.0,6443
Franklin,Georgia,456.0,22188
Haralson,Georgia,602.0,28667
McDuffie,Georgia,409.0,21558
Toombs,Georgia,515.0,27160
Custer,Idaho,nan,4185
Franklin,Illinois,740.0,39503
Tazewell,Illinois,1703.0,135400
Fountain,Indiana,252.0,16741
Marshall,Indiana,553.0,46833
Orange,Indiana,323.0,19579
Posey,Indiana,335.0,25527
Warren,Indiana,102.0,8309
Appanoose,Iowa,202.0,12602
Clayton,Iowa,210.0,17735
Des Moines,Iowa,545.0,40114
Mahaska,Iowa,264.0,22324
Monona,Iowa,145.0,9013
Page,Iowa,229.0,15552
Jefferson,Kansas,249.0,18880
Sumner,Kansas,340.0,23509
Boone,Kentucky,1433.0,125656
Hopkins,Kentucky,891.0,46359
Mason,Kentucky,316.0,17229
Mercer,Kentucky,403.0,21411
Union,Kentucky,275.0,15065
Webster,Kentucky,253.0,13331
East Feliciana,Louisiana,391.0,19756
LaSalle,Louisiana,258.0,14927
Madison,Louisiana,226.0,11803
Pointe Coupee,Louisiana,400.0,22366
Vermilion,Louisiana,850.0,59524
Franklin,Maine,429.0,30270
Gogebic,Michigan,202.0,15650
Ionia,Michigan,754.0,64126
Mecosta,Michigan,520.0,43259
Missaukee,Michigan,199.0,15032
Oceana,Michigan,365.0,26152
Ogemaw,Michigan,444.0,21103
Shiawassee,Michigan,969.0,68800
Kandiyohi,Minnesota,399.0,42510
Sibley,Minnesota,142.0,14957
Wilkin,Minnesota,68.0,6479
Benton,Mississippi,182.0,8378
Lauderdale,Mississippi,1300.0,79233
Quitman,Mississippi,181.0,7634
Yalobusha,Mississippi,269.0,12380
Benton,Missouri,412.0,18825
Bollinger,Missouri,224.0,12282
Carter,Missouri,145.0,6249
Stoddard,Missouri,546.0,29788
Lincoln,Montana,354.0,19268
Meagher,Montana,nan,1960
Toole,Montana,82.0,5114
Hall,Nebraska,701.0,61105
Kearney,Nebraska,78.0,6548
Beaufort,North Carolina,923.0,47513
McHenry,North Dakota,70.0,5912
McIntosh,North Dakota,nan,2737
Athens,Ohio,713.0,65103
Jefferson,Ohio,1264.0,67607
Muskingum,Ohio,1384.0,85991
Wyandot,Ohio,274.0,22359
Comanche,Oklahoma,1661.0,124583
Craig,Oklahoma,300.0,14683
Lincoln,Oklahoma,653.0,34640
Okmulgee,Oklahoma,835.0,39322
Ottawa,Oklahoma,644.0,32022
Sequoyah,Oklahoma,876.0,41344
Tillamook,Oregon,427.0,25552
Wasco,Oregon,392.0,25657
Blair,Pennsylvania,1882.0,125917
Crawford,Pennsylvania,1290.0,87027
Indiana,Pennsylvania,1128.0,87491
Susquehanna,Pennsylvania,629.0,41832
Benton,Tennessee,428.0,16173
Cannon,Tennessee,289.0,13855
Macon,Tennessee,479.0,22924
Meigs,Tennessee,293.0,11804
Unicoi,Tennessee,403.0,17945
Angelina,Texas,1375.0,87657
Calhoun,Texas,301.0,21805
Jackson,Texas,229.0,14678
Karnes,Texas,189.0,14984
Martin,Texas,84.0,5451
Nacogdoches,Texas,800.0,65556
Rockwall,Texas,765.0,88010
Val Verde,Texas,544.0,48862
Morgan,Utah,71.0,10645
Amelia,Virginia,246.0,12793
Fauquier,Virginia,803.0,68025
Greene,Virginia,207.0,19085
Hampton city,Virginia,1976.0,136789
King George,Virginia,285.0,25260
Lynchburg city,Virginia,974.0,78755
Northampton,Virginia,251.0,12118
Pittsylvania,Virginia,1040.0,62392
Poquoson city,Virginia,150.0,12068
Prince George,Virginia,377.0,37664
Radford city,Virginia,162.0,17186
Southampton,Virginia,282.0,18291
Warren,Virginia,601.0,38807
Washington,Virginia,897.0,54562
Mason,West Virginia,553.0,27060
Upshur,West Virginia,396.0,24632
Clark,Wisconsin,399.0,34486
Portage,Wisconsin,568.0,70551
Vilas,Wisconsin,350.0,21373
Hot Springs,Wyoming,88.0,4781
Johnson,Wyoming,120.0,8572
Covington,Alabama,780.0,37729
Escambia,Alabama,822.0,37875
Greene,Alabama,184.0,8587
Randolph,Alabama,460.0,22615
Winston,Alabama,515.0,24013
Baxter,Arkansas,797.0,40992
Colusa,California,228.0,21361
Kings,California,1368.0,150261
Alamosa,Colorado,206.0,16353
Costilla,Colorado,nan,3590
Lincoln,Colorado,61.0,5515
Levy,Florida,844.0,39707
Suwannee,Florida,841.0,43653
Chattahoochee,Georgia,77.0,11882
Habersham,Georgia,635.0,43724
Hart,Georgia,381.0,25518
Upson,Georgia,570.0,26394
Gem,Idaho,250.0,16853
Bureau,Illinois,487.0,33822
Henry,Illinois,632.0,49681
Iroquois,Illinois,497.0,28814
Carroll,Indiana,226.0,20007
Clinton,Indiana,468.0,32692
Fulton,Indiana,343.0,20412
Henry,Indiana,820.0,48953
Huntington,Indiana,491.0,36696
Kosciusko,Indiana,926.0,78461
LaGrange,Indiana,377.0,38395
Randolph,Indiana,428.0,25403
Whitley,Indiana,384.0,33354
Butler,Iowa,210.0,14933
Clinton,Iowa,655.0,47972
Dickinson,Iowa,186.0,17046
Hardin,Iowa,196.0,17324
Iowa,Iowa,175.0,16326
Marshall,Iowa,518.0,40735
Montgomery,Iowa,164.0,10380
Webster,Iowa,528.0,37050
Wright,Iowa,164.0,12891
Clay,Kansas,104.0,8346
Coffey,Kansas,130.0,8433
Gove,Kansas,nan,2682
Harvey,Kansas,442.0,34814
McPherson,Kansas,361.0,29164
Osage,Kansas,240.0,16001
Ottawa,Kansas,96.0,6004
Bullitt,Kentucky,1113.0,77727
Campbell,Kentucky,1319.0,91456
Larue,Kentucky,238.0,14127
Woodford,Kentucky,339.0,25591
West Feliciana,Louisiana,285.0,15384
Cass,Michigan,738.0,51795
Crawford,Michigan,248.0,13840
Gratiot,Michigan,546.0,41676
Huron,Michigan,507.0,32021
Beltrami,Minnesota,537.0,45644
Faribault,Minnesota,201.0,14119
Lincoln,Minnesota,nan,5793
Mahnomen,Minnesota,117.0,5480
Jefferson,Mississippi,165.0,7528
Kemper,Mississippi,171.0,10128
Neshoba,Mississippi,653.0,29474
Sharkey,Mississippi,115.0,4662
Atchison,Missouri,83.0,5380
Barry,Missouri,641.0,35716
Buchanan,Missouri,1357.0,89415
Chariton,Missouri,108.0,7615
Lincoln,Missouri,785.0,54286
Pettis,Missouri,638.0,42193
Ray,Missouri,388.0,22921
Wright,Missouri,367.0,18378
Lake,Montana,426.0,29311
Park,Montana,189.0,15843
Roosevelt,New Mexico,219.0,19618
Valencia,New Mexico,1108.0,75993
Greene,North Carolina,310.0,21241
Person,North Carolina,672.0,39196
Surry,North Carolina,1324.0,72767
Fulton,Ohio,556.0,42466
Shelby,Ohio,669.0,48949
Caddo,Oklahoma,590.0,29510
Cherokee,Oklahoma,825.0,48267
Choctaw,Oklahoma,333.0,15051
Latimer,Oklahoma,226.0,10643
Pittsburg,Oklahoma,924.0,44643
Columbia,Oregon,680.0,49645
Morrow,Oregon,111.0,11207
Northumberland,Pennsylvania,1461.0,93590
Aurora,South Dakota,nan,2732
Faulk,South Dakota,nan,2354
Lawrence,South Dakota,287.0,24859
Todd,South Dakota,211.0,10019
Union,South Dakota,169.0,14842
Smith,Tennessee,361.0,19176
Cherokee,Texas,831.0,51257
Harrison,Texas,1050.0,66431
Hood,Texas,875.0,54217
Montague,Texas,365.0,19384
Navarro,Texas,794.0,48177
Randall,Texas,1496.0,128603
Shelby,Texas,435.0,25705
Starr,Texas,599.0,63008
Taylor,Texas,1955.0,135234
Uvalde,Texas,333.0,27055
Willacy,Texas,267.0,21944
Young,Texas,342.0,18275
Uintah,Utah,377.0,36308
Bristol city,Virginia,379.0,17340
Galax city,Virginia,205.0,6858
Roanoke city,Virginia,1891.0,99329
Skamania,Washington,144.0,11316
Greenbrier,West Virginia,669.0,35580
Hancock,West Virginia,595.0,30024
Pleasants,West Virginia,132.0,7612
Iron,Wisconsin,nan,5850
Marinette,Wisconsin,595.0,41090
Richland,Wisconsin,205.0,17642
Waupaca,Wisconsin,744.0,51974
Goshen,Wyoming,190.0,13546
Washakie,Wyoming,110.0,8351
Monroe,Alabama,419.0,21975
Gila,Arizona,1154.0,53179
Johnson,Arkansas,419.0,26025
Glenn,California,334.0,27976
Baca,Colorado,nan,3648
Moffat,Colorado,170.0,13034
Hendry,Florida,514.0,38376
Bulloch,Georgia,909.0,73141
Jenkins,Georgia,156.0,9055
Murray,Georgia,684.0,39358
Pike,Georgia,279.0,17843
Walton,Georgia,1357.0,87436
Wheeler,Georgia,94.0,7932
Bonneville,Idaho,1187.0,108989
Lincoln,Idaho,54.0,5292
Carroll,Illinois,220.0,14793
Fayette,Illinois,312.0,22025
Macon,Illinois,1585.0,108404
Crawford,Indiana,213.0,10582
Newton,Indiana,262.0,14022
Switzerland,Indiana,172.0,10484
Vermillion,Indiana,281.0,15752
Wabash,Indiana,480.0,32177
White,Indiana,359.0,24265
Boone,Iowa,287.0,26411
Keokuk,Iowa,137.0,10234
Shelby,Iowa,138.0,11944
Taylor,Iowa,77.0,6209
Miami,Kansas,396.0,32787
Boyle,Kentucky,478.0,29650
Bracken,Kentucky,160.0,8404
Breckinridge,Kentucky,387.0,20000
Butler,Kentucky,260.0,12828
Carroll,Kentucky,244.0,10776
Floyd,Kentucky,978.0,38144
Grant,Kentucky,464.0,24705
Nicholas,Kentucky,148.0,7062
Shelby,Kentucky,578.0,44967
Washington,Kentucky,199.0,12017
East Carroll,Louisiana,149.0,7419
Franklin,Louisiana,387.0,20464
Osceola,Michigan,335.0,23172
Clearwater,Minnesota,129.0,8764
Amite,Mississippi,250.0,12692
Clarke,Mississippi,339.0,16203
Covington,Mississippi,387.0,19503
Ripley,Missouri,319.0,13936
Warren,Missouri,452.0,33290
Gosper,Nebraska,nan,1977
Platte,Nebraska,309.0,32703
Humboldt,Nevada,243.0,17091
Cattaraugus,New York,1113.0,78506
Schuyler,New York,268.0,18336
Edgecombe,North Carolina,1098.0,54669
Perquimans,North Carolina,228.0,13470
Polk,North Carolina,313.0,20324
Barnes,North Dakota,130.0,11033
Divide,North Dakota,nan,2369
McLean,North Dakota,137.0,9576
Mountrail,North Dakota,150.0,9675
Sioux,North Dakota,104.0,4431
Allen,Ohio,1497.0,104664
Auglaize,Ohio,518.0,45871
Ottawa,Ohio,633.0,40981
Pike,Ohio,627.0,28298
Van Wert,Ohio,411.0,28501
Le Flore,Oklahoma,1054.0,49885
Nowata,Oklahoma,207.0,10510
Cameron,Pennsylvania,nan,4807
Clarion,Pennsylvania,505.0,38939
Huntingdon,Pennsylvania,595.0,45844
McKean,Pennsylvania,653.0,42609
Perry,Pennsylvania,658.0,45647
Snyder,Pennsylvania,400.0,40246
Tioga,Pennsylvania,560.0,42031
Laurens,South Carolina,1371.0,66442
Deuel,South Dakota,nan,4309
Hamlin,South Dakota,60.0,5995
Hutchinson,South Dakota,77.0,7264
Yankton,South Dakota,287.0,22649
Bledsoe,Tennessee,229.0,14073
Carter,Tennessee,1091.0,56707
Hardeman,Tennessee,505.0,25975
Johnson,Tennessee,394.0,17923
Morgan,Tennessee,421.0,21688
Trousdale,Tennessee,172.0,7970
Union,Tennessee,378.0,19081
Weakley,Tennessee,562.0,34024
Burleson,Texas,315.0,17417
Caldwell,Texas,611.0,39848
Lamb,Texas,197.0,13561
Lynn,Texas,94.0,5723
Washington,Texas,447.0,34544
Garfield,Utah,68.0,5020
San Juan,Utah,200.0,15540
Hopewell city,Virginia,541.0,22332
Lancaster,Virginia,197.0,11055
Montgomery,Virginia,847.0,97227
New Kent,Virginia,271.0,20051
Northumberland,Virginia,200.0,12272
Powhatan,Virginia,281.0,28286
Oneida,Wisconsin,502.0,35604
Converse,Wyoming,185.0,14223
Sublette,Wyoming,97.0,10032
Macon,Alabama,431.0,19684
Arkansas,Arkansas,364.0,18569
Ashley,Arkansas,398.0,20989
Hempstead,Arkansas,377.0,22208
Nevada,Arkansas,175.0,8668
Perry,Arkansas,169.0,10246
Tuolumne,California,823.0,53864
Mineral,Colorado,nan,793
Montezuma,Colorado,360.0,26006
Glades,Florida,194.0,13420
Wakulla,Florida,481.0,31314
Bacon,Georgia,239.0,11251
Brooks,Georgia,281.0,15645
Candler,Georgia,235.0,10962
Owyhee,Idaho,157.0,11356
Bond,Illinois,214.0,17137
Knox,Illinois,817.0,51752
Menard,Illinois,165.0,12576
Montgomery,Illinois,426.0,29301
Clay,Indiana,433.0,26568
Greene,Indiana,553.0,32633
Knox,Indiana,594.0,37956
Steuben,Indiana,455.0,34279
Finney,Kansas,311.0,36983
Montgomery,Kansas,608.0,33765
Stafford,Kansas,68.0,4284
Stevens,Kansas,67.0,5738
Boyd,Kentucky,975.0,48716
Lewis,Kentucky,316.0,13646
Taylor,Kentucky,407.0,25315
Red River,Louisiana,181.0,8757
Sabine,Louisiana,426.0,24144
Somerset,Maine,907.0,51363
Cheboygan,Michigan,379.0,25579
Cottonwood,Minnesota,113.0,11557
Douglas,Minnesota,419.0,36862
Isanti,Minnesota,421.0,38461
Otter Tail,Minnesota,662.0,57694
Carroll,Mississippi,171.0,10301
Claiborne,Mississippi,193.0,9209
Warren,Mississippi,926.0,47834
Deer Lodge,Montana,174.0,9176
Scotts Bluff,Nebraska,488.0,36599
Lewis,New York,295.0,27107
Alleghany,North Carolina,189.0,10868
Caswell,North Carolina,451.0,23094
Columbus,North Carolina,1143.0,57015
Currituck,North Carolina,360.0,24864
Halifax,North Carolina,1051.0,52849
Pamlico,North Carolina,214.0,12892
Washington,North Carolina,212.0,12503
Yadkin,North Carolina,574.0,37819
Garfield,Oklahoma,925.0,62481
Rogers,Oklahoma,1269.0,89970
Seminole,Oklahoma,570.0,25403
Texas,Oklahoma,264.0,21499
Mifflin,Pennsylvania,654.0,46585
Venango,Pennsylvania,811.0,53460
Clark,South Dakota,nan,3639
Clay,South Dakota,131.0,14029
Fall River,South Dakota,150.0,6874
Roberts,South Dakota,148.0,10294
Turner,South Dakota,103.0,8289
Coffee,Tennessee,1038.0,53808
Haywood,Tennessee,357.0,18129
Henry,Tennessee,686.0,32291
McNairy,Tennessee,606.0,26057
Obion,Tennessee,549.0,30900
Dawson,Texas,179.0,13317
Ector,Texas,2083.0,153177
Franklin,Texas,171.0,10571
Henderson,Texas,1671.0,79213
Kleberg,Texas,425.0,31877
Polk,Texas,1035.0,46583
San Jacinto,Texas,518.0,27172
Swisher,Texas,107.0,7639
Waller,Texas,527.0,47049
Alleghany,Virginia,304.0,15919
Greensville,Virginia,236.0,11698
Manassas Park city,Virginia,nan,15827
Tazewell,Virginia,942.0,43367
Winchester city,Virginia,337.0,27349
Wythe,Virginia,572.0,29171
Cabell,West Virginia,2066.0,96623
Morgan,West Virginia,353.0,17514
Wetzel,West Virginia,300.0,15997
Wirt,West Virginia,95.0,5826
Bibb,Alabama,471.0,22572
Fayette,Alabama,342.0,16783
Hale,Alabama,312.0,15159
Sumter,Alabama,238.0,13285
Greenlee,Arizona,103.0,9224
Newton,Arkansas,137.0,7988
St. Francis,Arkansas,482.0,27023
Alpine,California,nan,1184
Archuleta,Colorado,154.0,12355
Phillips,Colorado,nan,4347
Holmes,Florida,422.0,19569
Appling,Georgia,329.0,18410
Banks,Georgia,303.0,18336
Berrien,Georgia,391.0,18986
Bleckley,Georgia,214.0,12835
Clay,Georgia,nan,3068
Cook,Georgia,304.0,17103
Dade,Georgia,272.0,16356
Dooly,Georgia,212.0,14089
Gilmer,Georgia,524.0,28956
Jefferson,Georgia,347.0,16201
Johnson,Georgia,169.0,9694
McIntosh,Georgia,228.0,13941
Schley,Georgia,67.0,5089
Talbot,Georgia,130.0,6373
Warren,Georgia,137.0,5504
Bonner,Idaho,577.0,41389
Elmore,Idaho,313.0,26103
Jerome,Idaho,230.0,22694
Minidoka,Idaho,235.0,20331
Clark,Illinois,226.0,16089
Crawford,Illinois,254.0,19441
Marion,Illinois,707.0,38503
Randolph,Illinois,462.0,32934
Saline,Illinois,488.0,24659
Audubon,Iowa,90.0,5793
Crawford,Iowa,190.0,17147
Guthrie,Iowa,112.0,10691
Jackson,Iowa,244.0,19529
Jones,Iowa,211.0,20481
Van Buren,Iowa,109.0,7380
Atchison,Kansas,243.0,16557
Saline,Kansas,756.0,55547
Marion,Kentucky,309.0,19497
Marshall,Kentucky,618.0,31213
Antrim,Michigan,316.0,23215
Delta,Michigan,527.0,36570
Houghton,Michigan,416.0,36565
St. Joseph,Michigan,911.0,60923
Itasca,Minnesota,616.0,45356
Meeker,Minnesota,247.0,23094
Watonwan,Minnesota,111.0,10996
Alcorn,Mississippi,751.0,37309
Cedar,Missouri,256.0,13932
Crawford,Missouri,456.0,24545
Livingston,Missouri,206.0,15057
Macon,Missouri,235.0,15399
Maries,Missouri,144.0,8987
Morgan,Missouri,419.0,20182
Osage,Missouri,156.0,13704
Pike,Missouri,283.0,18475
Reynolds,Missouri,123.0,6530
Stone,Missouri,594.0,31197
Webster,Missouri,498.0,37075
Antelope,Nebraska,70.0,6421
York,Nebraska,177.0,13842
Torrance,New Mexico,278.0,15599
Alexander,North Carolina,605.0,37211
Rutherford,North Carolina,1224.0,66701
Grand Forks,North Dakota,656.0,69793
Oliver,North Dakota,nan,1768
Brown,Ohio,856.0,44059
Holmes,Ohio,412.0,43702
Preble,Ohio,686.0,41561
Ross,Ohio,1348.0,77193
Beckham,Oklahoma,408.0,23290
Cotton,Oklahoma,126.0,6062
Love,Oklahoma,197.0,9768
Union,Pennsylvania,363.0,45178
Barnwell,South Carolina,449.0,21917
Marshall,South Dakota,nan,4743
Fentress,Tennessee,431.0,17936
Giles,Tennessee,565.0,29034
Lawrence,Tennessee,843.0,42406
Marshall,Tennessee,555.0,31335
Warren,Tennessee,764.0,40099
Wayne,Tennessee,325.0,16842
Hill,Texas,623.0,34901
Leon,Texas,323.0,16923
Moore,Texas,227.0,22186
Wise,Texas,956.0,62089
Henry,Virginia,929.0,52209
King William,Virginia,218.0,16156
Petersburg city,Virginia,923.0,31997
Smyth,Virginia,684.0,31513
Randolph,West Virginia,499.0,29287
Roane,West Virginia,349.0,14513
Door,Wisconsin,351.0,27669
Jackson,Wisconsin,291.0,20566
Marquette,Wisconsin,269.0,15082
Miller,Arkansas,870.0,43666
Scott,Arkansas,216.0,10661
Plumas,California,336.0,18754
Lake,Colorado,67.0,7401
Saguache,Colorado,94.0,6255
Calhoun,Florida,327.0,14550
Union,Florida,520.0,15159
Emanuel,Georgia,503.0,22723
Grady,Georgia,441.0,25145
Oglethorpe,Georgia,206.0,14743
Rabun,Georgia,272.0,16312
Screven,Georgia,265.0,14114
Stewart,Georgia,110.0,5791
Walker,Georgia,1373.0,68143
Webster,Georgia,nan,2672
Wilcox,Georgia,145.0,8884
Wilkinson,Georgia,190.0,9312
Adams,Idaho,nan,3865
Camas,Idaho,nan,968
Ford,Illinois,219.0,13758
Ogle,Illinois,662.0,52034
Cass,Indiana,594.0,38324
Jefferson,Indiana,543.0,32482
Clay,Iowa,175.0,16478
Barton,Kansas,335.0,27214
Chautauqua,Kansas,66.0,3470
Labette,Kansas,376.0,20833
Barren,Kentucky,749.0,43287
Edmonson,Kentucky,222.0,12086
Graves,Kentucky,641.0,37379
Hancock,Kentucky,125.0,8716
Henry,Kentucky,282.0,15528
Lawrence,Kentucky,374.0,15870
Powell,Kentucky,327.0,12387
Rockcastle,Kentucky,332.0,16893
Russell,Kentucky,391.0,17684
Concordia,Louisiana,420.0,20288
St. Helena,Louisiana,211.0,10714
Arenac,Michigan,276.0,15327
Branch,Michigan,642.0,43603
Oscoda,Michigan,192.0,8374
Brown,Minnesota,240.0,25327
Carlton,Minnesota,429.0,35482
Lyon,Minnesota,213.0,25670
Traverse,Minnesota,nan,3397
Tishomingo,Mississippi,429.0,19503
Harrison,Missouri,124.0,8649
Ste. Genevieve,Missouri,247.0,17937
Liberty,Montana,nan,2292
Musselshell,Montana,nan,4778
Kimball,Nebraska,nan,3713
Seneca,New York,472.0,35036
Anson,North Carolina,511.0,25883
Clay,North Carolina,199.0,10730
Martin,North Carolina,466.0,23510
Rockingham,North Carolina,1695.0,91898
Wilkes,North Carolina,1188.0,68888
Grant,North Dakota,nan,2369
McKenzie,North Dakota,114.0,10718
Williams,North Dakota,324.0,31643
Perry,Ohio,540.0,35947
Malheur,Oregon,388.0,30474
Wallowa,Oregon,nan,6836
Bedford,Pennsylvania,687.0,48852
Bamberg,South Carolina,326.0,15057
Humphreys,Tennessee,375.0,18216
Brunswick,Virginia,332.0,16573
Buckingham,Virginia,254.0,17030
Campbell,Virginia,790.0,55061
Carroll,Virginia,484.0,29733
Clarke,Virginia,192.0,14307
Franklin city,Virginia,211.0,8413
King and Queen,Virginia,150.0,7140
Page,Virginia,405.0,23759
Surry,Virginia,119.0,6731
Waynesboro city,Virginia,372.0,21366
Hardy,West Virginia,208.0,13942
Ashland,Wisconsin,237.0,15936
Buffalo,Wisconsin,150.0,13256
Oconto,Wisconsin,485.0,37475
Clarke,Alabama,438.0,24847
Conecuh,Alabama,262.0,12697
Dale,Alabama,859.0,49607
Carroll,Arkansas,500.0,27690
Lee,Arkansas,183.0,9781
Gulf,Florida,294.0,15851
Hardee,Florida,333.0,27302
Madison,Florida,327.0,18560
Okeechobee,Florida,761.0,39420
Lanier,Georgia,162.0,10382
Putnam,Georgia,346.0,21259
Union,Georgia,369.0,22033
Gooding,Idaho,192.0,15157
Latah,Idaho,300.0,38593
Massac,Illinois,293.0,14883
Vermilion,Illinois,1370.0,79613
Jay,Indiana,344.0,21196
Madison,Iowa,172.0,15661
Mitchell,Iowa,112.0,10757
Pratt,Kansas,138.0,9729
Hancock,Maine,746.0,54483
Dorchester,Maryland,553.0,32451
Mackinac,Michigan,189.0,10998
Crow Wing,Minnesota,780.0,63321
Freeborn,Minnesota,375.0,30751
Yellow Medicine,Minnesota,114.0,10038
Jasper,Mississippi,294.0,16538
Butler,Missouri,857.0,42887
Caldwell,Missouri,150.0,9057
DeKalb,Missouri,192.0,12706
Gasconade,Missouri,231.0,14875
Carbon,Montana,148.0,10340
Cuming,Nebraska,81.0,9055
Catron,New Mexico,nan,3547
Grant,New Mexico,441.0,28879
Otero,New Mexico,955.0,65333
Burke,North Dakota,nan,2239
Morrow,Ohio,491.0,35032
Greer,Oklahoma,89.0,6081
Allendale,South Carolina,211.0,9589
Clay,Tennessee,172.0,7769
Grainger,Tennessee,468.0,22813
Hickman,Tennessee,494.0,24251
Lauderdale,Tennessee,514.0,27261
Sequatchie,Tennessee,247.0,14710
Anderson,Texas,1130.0,57772
Camp,Texas,216.0,12631
Clay,Texas,164.0,10367
Colorado,Texas,307.0,20792
Comanche,Texas,211.0,13506
Gonzales,Texas,292.0,20370
Gray,Texas,389.0,23028
Kerr,Texas,813.0,50505
Live Oak,Texas,154.0,11976
Newton,Texas,277.0,14138
San Augustine,Texas,181.0,8556
Wood,Texas,827.0,43198
Augusta,Virginia,911.0,74330
Sussex,Virginia,214.0,11733
Barbour,West Virginia,283.0,16892
Crawford,Wisconsin,197.0,16415
Menominee,Wisconsin,99.0,4457
Coffee,Alabama,797.0,50991
Yukon-Koyukuk Census Area,Alaska,114.0,5600
Mississippi,Arkansas,946.0,44199
Monroe,Arkansas,211.0,7542
Ouachita,Arkansas,517.0,24728
Sharp,Arkansas,406.0,17027
Del Norte,California,511.0,27628
Custer,Colorado,nan,4375
Telfair,Georgia,245.0,16405
Washington,Idaho,123.0,10035
Logan,Illinois,414.0,29820
Macoupin,Illinois,700.0,46482
Mercer,Illinois,251.0,15971
Moultrie,Illinois,178.0,14915
Piatt,Illinois,191.0,16469
Blackford,Indiana,219.0,12364
Spencer,Indiana,274.0,20777
Bremer,Iowa,218.0,24663
Jefferson,Iowa,213.0,17662
O'Brien,Iowa,155.0,14055
Cloud,Kansas,139.0,9302
Cowley,Kansas,584.0,35977
Bath,Kentucky,257.0,12113
Crittenden,Kentucky,180.0,9211
Cumberland,Kentucky,137.0,6780
Lincoln,Kentucky,471.0,24424
Meade,Kentucky,447.0,28751
Pendleton,Kentucky,262.0,14509
Caldwell,Louisiana,204.0,9997
Allegany,Maryland,1130.0,73060
Dickinson,Michigan,347.0,25889
Koochiching,Minnesota,191.0,12930
Wayne,Mississippi,346.0,20517
Howell,Missouri,681.0,40265
New Madrid,Missouri,405.0,18229
Colfax,Nebraska,81.0,10499
Gage,Nebraska,297.0,21778
Hamilton,Nebraska,97.0,9118
Otoe,Nebraska,170.0,15890
Yates,New York,305.0,25106
Dare,North Carolina,568.0,35187
Gates,North Carolina,216.0,11615
Macon,North Carolina,569.0,33991
Mitchell,North Carolina,284.0,15263
Stokes,North Carolina,858.0,46453
Guernsey,Ohio,700.0,39478
Hardin,Ohio,470.0,31652
Williams,Ohio,540.0,37270
Atoka,Oklahoma,283.0,13847
Kingfisher,Oklahoma,221.0,15392
Kiowa,Oklahoma,190.0,9239
Woodward,Oklahoma,302.0,21111
Forest,Pennsylvania,103.0,7493
Cherokee,South Carolina,1090.0,56274
Hampton,South Carolina,392.0,20296
McCormick,South Carolina,216.0,9806
Lake,South Dakota,136.0,12331
Spink,South Dakota,89.0,6539
Jackson,Tennessee,257.0,11526
Polk,Tennessee,392.0,16697
Donley,Texas,nan,3506
Gillespie,Texas,353.0,25732
Goliad,Texas,126.0,7463
Jasper,Texas,631.0,35640
Jim Wells,Texas,619.0,41486
Lee,Texas,242.0,16754
Palo Pinto,Texas,500.0,27922
Panola,Texas,404.0,23771
Kane,Utah,96.0,7216
Cumberland,Virginia,130.0,9769
Salem city,Virginia,448.0,25290
Pend Oreille,Washington,227.0,13001
Pendleton,West Virginia,114.0,7291
Adams,Wisconsin,368.0,20294
Trempealeau,Wisconsin,321.0,29521
Uinta,Wyoming,256.0,20893
Barbour,Alabama,472.0,26614
Henry,Alabama,332.0,17187
Southeast Fairbanks Census Area,Alaska,82.0,6970
Lafayette,Arkansas,147.0,7127
Prairie,Arkansas,169.0,8334
Tehama,California,1016.0,63015
Las Animas,Colorado,284.0,14322
Rio Blanco,Colorado,75.0,6658
Franklin,Florida,196.0,11705
Elbert,Georgia,385.0,19394
Marion,Georgia,154.0,8646
Quitman,Georgia,nan,2095
Towns,Georgia,216.0,10976
De Witt,Illinois,231.0,16322
Effingham,Illinois,385.0,34356
Jersey,Illinois,350.0,22441
Parke,Indiana,245.0,17033
Louisa,Iowa,142.0,11251
Lyon,Iowa,107.0,11730
Plymouth,Iowa,259.0,24972
Marion,Kansas,179.0,12213
Osborne,Kansas,nan,3746
Aroostook,Maine,1051.0,69405
Washington,Maine,587.0,31925
Luce,Michigan,nan,6451
Clark,Missouri,103.0,6860
Linn,Missouri,227.0,12319
Saline,Missouri,330.0,23214
Glacier,Montana,283.0,13695
Merrick,Nebraska,90.0,7793
Coos,New Hampshire,554.0,32219
Bladen,North Carolina,668.0,34454
Chowan,North Carolina,246.0,14556
Haywood,North Carolina,1076.0,59577
Eddy,North Dakota,nan,2370
Slope,North Dakota,nan,665
Grant,Oklahoma,92.0,4497
Major,Oklahoma,131.0,7721
McCurtain,Oklahoma,695.0,33071
Crook,Oregon,348.0,21334
Clinton,Pennsylvania,490.0,39536
Lampasas,Texas,299.0,20357
Titus,Texas,394.0,32592
Carbon,Utah,306.0,20733
Duchesne,Utah,226.0,20078
Emery,Utah,148.0,10570
Grand,Utah,128.0,9428
Juab,Utah,104.0,10507
Millard,Utah,139.0,12604
Buena Vista city,Virginia,nan,6610
Caroline,Virginia,458.0,29640
Emporia city,Virginia,95.0,5565
Lexington city,Virginia,nan,7036
Pulaski,Virginia,668.0,34417
Richmond,Virginia,160.0,8868
Westmoreland,Virginia,323.0,17528
Wise,Virginia,814.0,40074
Asotin,Washington,317.0,22113
Mineral,West Virginia,462.0,27606
Barron,Wisconsin,570.0,45548
Rusk,Wisconsin,214.0,14272
Lincoln,Wyoming,197.0,18543
Dallas,Arkansas,178.0,7738
Ouray,Colorado,nan,4651
Dixie,Florida,386.0,16084
Jefferson,Florida,269.0,14082
Wayne,Georgia,624.0,30006
Caribou,Idaho,79.0,6813
Jasper,Illinois,110.0,9592
Lee,Illinois,482.0,34718
Mason,Illinois,237.0,13931
Pike,Illinois,245.0,16054
Martin,Indiana,152.0,10218
Union,Indiana,122.0,7251
Grundy,Iowa,127.0,12373
Howard,Iowa,99.0,9430
Lee,Iowa,589.0,35172
Mills,Iowa,208.0,14841
Greenwood,Kansas,121.0,6304
Jewell,Kansas,nan,3003
Caldwell,Kentucky,230.0,12758
Clinton,Kentucky,182.0,10172
Ohio,Kentucky,458.0,24152
Perry,Kentucky,805.0,27818
McLeod,Minnesota,324.0,35926
Polk,Minnesota,378.0,31550
Nodaway,Missouri,200.0,23026
Beaverhead,Montana,94.0,9317
Cherry,Nebraska,nan,5781
Lincoln,New Mexico,357.0,19726
Los Alamos,New Mexico,136.0,17895
Ashe,North Carolina,404.0,26992
Warren,North Carolina,374.0,20324
Adams,Ohio,561.0,28111
Tillman,Oklahoma,141.0,7611
Sullivan,Pennsylvania,124.0,6302
Wyoming,Pennsylvania,475.0,27975
Stewart,Tennessee,256.0,13257
Andrews,Texas,180.0,17215
Hemphill,Texas,52.0,4151
Hutchinson,Texas,343.0,21782
Mason,Texas,nan,4064
Trinity,Texas,388.0,14360
Tyler,Texas,398.0,21371
Charlotte,Virginia,218.0,12232
Staunton city,Virginia,469.0,24234
Wahkiakum,Washington,nan,4051
Manitowoc,Wisconsin,962.0,80178
Shawano,Wisconsin,571.0,41384
Crook,Wyoming,91.0,7284
Phillips,Arkansas,404.0,19929
Yell,Arkansas,406.0,21716
Crawford,Georgia,224.0,12483
Boone,Illinois,586.0,53656
Calhoun,Illinois,nan,4962
Gallatin,Illinois,106.0,5325
Daviess,Indiana,456.0,32583
Clarke,Iowa,146.0,9273
Hamilton,Iowa,180.0,15227
Geary,Kansas,351.0,36818
Republic,Kansas,74.0,4768
Wabaunsee,Kansas,97.0,6960
Adair,Kentucky,320.0,19156
Carter,Kentucky,541.0,27292
Greenup,Kentucky,660.0,36255
Johnson,Kentucky,561.0,23280
Leslie,Kentucky,281.0,10869
Letcher,Kentucky,591.0,23382
McLean,Kentucky,186.0,9492
Monroe,Kentucky,235.0,10692
Pike,Kentucky,1403.0,62791
Houston,Minnesota,180.0,18791
Pipestone,Minnesota,103.0,9285
Stone,Mississippi,332.0,17995
Johnson,Nebraska,66.0,5167
Phelps,Nebraska,98.0,9236
Seward,Nebraska,207.0,17113
Pender,North Carolina,935.0,56358
Emmons,North Dakota,nan,3426
Monroe,Ohio,222.0,14442
Sherman,Oregon,nan,1705
Fulton,Pennsylvania,204.0,14653
Henderson,Tennessee,550.0,27952
Aransas,Texas,492.0,24729
Florence,Wisconsin,nan,4474
Petersburg Borough,Alaska,nan,3196
Clay,Arkansas,329.0,15202
Franklin,Arkansas,329.0,17799
Izard,Arkansas,291.0,13461
Logan,Arkansas,402.0,21935
Lake,California,1438.0,64076
Hamilton,Florida,256.0,14362
Atkinson,Georgia,144.0,8268
Brantley,Georgia,391.0,18403
Echols,Georgia,41.0,4025
Jeff Davis,Georgia,287.0,14953
Treutlen,Georgia,122.0,6711
Jefferson,Illinois,596.0,38523
Wabash,Illinois,140.0,11587
Pulaski,Indiana,217.0,12910
Chickasaw,Iowa,140.0,12164
Franklin,Iowa,118.0,10393
Marion,Iowa,352.0,33197
Winnebago,Iowa,124.0,10580
Morton,Kansas,nan,3033
West Carroll,Louisiana,200.0,11370
Presque Isle,Michigan,206.0,12955
Murray,Minnesota,82.0,8463
Redwood,Minnesota,175.0,15578
Greene,Mississippi,263.0,13941
Gentry,Missouri,104.0,6745
Madison,Missouri,248.0,12403
Phelps,Missouri,649.0,44833
Worth,Missouri,nan,2061
Cheyenne,Nebraska,117.0,10090
Custer,Nebraska,128.0,10784
Stanton,Nebraska,nan,6022
Morgan,Ohio,254.0,14857
Paulding,Ohio,282.0,19057
Putnam,Ohio,351.0,34116
Scioto,Ohio,1617.0,77366
Jefferson,Oklahoma,144.0,6280
Curry,Oregon,439.0,22364
Pecos,Texas,182.0,15826
Zapata,Texas,158.0,14335
Appomattox,Virginia,243.0,15314
Giles,Virginia,329.0,16871
Russell,Virginia,576.0,27973
Lewis,West Virginia,358.0,16422
Taylor,West Virginia,296.0,16949
Kewaunee,Wisconsin,218.0,20459
Waushara,Wisconsin,376.0,24238
Bethel Census Area,Alaska,249.0,17885
Gilchrist,Florida,284.0,17033
Taylor,Florida,444.0,22582
Hancock,Georgia,167.0,8747
Power,Idaho,91.0,7696
Coles,Illinois,604.0,52802
Lawrence,Illinois,260.0,16582
Richland,Illinois,244.0,16072
Shelby,Illinois,286.0,22011
Buena Vista,Iowa,158.0,20445
Delaware,Iowa,169.0,17445
Greene,Iowa,129.0,9083
Barber,Kansas,nan,4831
Rooks,Kansas,73.0,5160
Scott,Kansas,nan,4958
Seward,Kansas,177.0,23185
Green,Kentucky,188.0,11123
Hart,Kentucky,329.0,18510
Todd,Kentucky,225.0,12465
Cameron,Louisiana,79.0,6739
Mason,Michigan,380.0,28755
Roseau,Minnesota,137.0,15609
Swift,Minnesota,127.0,9483
Dallas,Missouri,294.0,16508
Howard,Missouri,139.0,10148
Oregon,Missouri,205.0,10922
Polk,Missouri,452.0,31113
Scotland,Missouri,60.0,4893
Richmond,North Carolina,902.0,45710
Bowman,North Dakota,nan,3238
Meigs,Ohio,506.0,23345
Beaver,Oklahoma,65.0,5479
Dewey,Oklahoma,83.0,4862
Marshall,Oklahoma,296.0,16079
Elk,Pennsylvania,443.0,31111
Jefferson,Pennsylvania,645.0,44575
Callahan,Texas,247.0,13596
Crosby,Texas,104.0,5987
Dallam,Texas,82.0,7052
Hamilton,Texas,168.0,8232
Hansford,Texas,68.0,5552
Knox,Texas,70.0,3807
Mitchell,Texas,131.0,8995
Grand Isle,Vermont,92.0,6945
Buchanan,Virginia,530.0,23158
Craig,Virginia,nan,5195
Dinwiddie,Virginia,404.0,28155
Lunenburg,Virginia,216.0,12450
Rappahannock,Virginia,nan,7416
Brooke,West Virginia,390.0,23473
Fayette,West Virginia,1020.0,45192
McDowell,West Virginia,606.0,20273
Nicholas,West Virginia,507.0,25743
Tyler,West Virginia,169.0,9000
Wyoming,West Virginia,566.0,22537
Lafayette,Wisconsin,182.0,16793
Madison,Arkansas,314.0,15761
Lafayette,Florida,134.0,8742
Hancock,Illinois,242.0,18633
Stark,Illinois,94.0,5840
Worth,Iowa,100.0,7562
Ballard,Kentucky,155.0,8216
Jackson,Kentucky,316.0,13357
Whitley,Kentucky,899.0,35842
Schoolcraft,Michigan,130.0,8186
Pine,Minnesota,400.0,29067
Washington,Missouri,495.0,25002
Richland,Montana,144.0,11392
Stutsman,North Dakota,264.0,21108
Henry,Ohio,329.0,27890
Jackson,Ohio,697.0,32717
Oglala Lakota,South Dakota,374.0,14263
Decatur,Tennessee,237.0,11703
Bee,Texas,433.0,32706
Delta,Texas,117.0,5226
Dickens,Texas,nan,2237
Floyd,Texas,69.0,6088
Frio,Texas,233.0,18542
Jones,Texas,258.0,19944
Essex,Vermont,108.0,6173
Boone,West Virginia,559.0,23645
Braxton,West Virginia,300.0,14463
Hampshire,West Virginia,418.0,23455
Perry,Alabama,204.0,9856
Gilpin,Colorado,nan,5708
Prowers,Colorado,185.0,12121
Pulaski,Illinois,113.0,5792
Schuyler,Illinois,141.0,7205
Knox,Kentucky,693.0,31740
Jefferson Davis,Mississippi,279.0,11771
St. Clair,Missouri,167.0,9444
Vernon,Missouri,365.0,20836
Stillwater,Montana,104.0,9342
Burt,Nebraska,95.0,6594
Polk,Nebraska,nan,5242
White Pine,Nevada,129.0,9893
Colfax,New Mexico,195.0,12716
Jones,North Carolina,181.0,10074
Richland,North Dakota,172.0,16329
Noble,Ohio,187.0,14429
Corson,South Dakota,106.0,4170
Jerauld,South Dakota,nan,2029
Bandera,Texas,351.0,21015
Jack,Texas,149.0,8866
Madison,Texas,223.0,13843
McCulloch,Texas,155.0,8242
Sabine,Texas,261.0,10367
Scurry,Texas,225.0,17314
Floyd,Virginia,214.0,15587
Middlesex,Virginia,210.0,10728
Wayne,West Virginia,814.0,41237
Sawyer,Wisconsin,273.0,16438
Marion,Arkansas,401.0,16404
Liberty,Florida,120.0,8285
Fulton,Illinois,574.0,36047
Greene,Illinois,212.0,13390
Perry,Indiana,271.0,19301
Osceola,Iowa,74.0,6154
Union,Iowa,178.0,12539
Trimble,Kentucky,174.0,8751
Menominee,Michigan,352.0,23568
Nobles,Minnesota,197.0,21729
Big Horn,Montana,278.0,13214
Clay,Nebraska,70.0,6313
Franklin,Nebraska,nan,3076
Webster,Nebraska,nan,3665
Luna,New Mexico,417.0,24627
Sargent,North Dakota,nan,3889
Murray,Oklahoma,271.0,13792
Okfuskee,Oklahoma,281.0,12212
Miner,South Dakota,nan,2299
Concho,Texas,nan,4142
Cooke,Texas,597.0,38878
Howard,Texas,597.0,36423
Rains,Texas,232.0,11087
Stephens,Texas,162.0,9787
Winkler,Texas,117.0,7723
Colonial Heights city,Virginia,307.0,17554
Fairfax city,Virginia,240.0,23620
Scott,Virginia,452.0,22378
Pacific,Washington,446.0,20743
Polk,Wisconsin,533.0,43483
Niobrara,Wyoming,nan,2498
Prince of Wales-Hyder Census Area,Alaska,113.0,6374
Montgomery,Georgia,150.0,9005
McDonough,Illinois,356.0,31727
Perry,Illinois,288.0,21595
Warren,Illinois,221.0,17611
Ellis,Kansas,272.0,29032
Hamilton,Kansas,nan,2567
Phillips,Kansas,nan,5484
Fleming,Kentucky,282.0,14543
Gallatin,Kentucky,190.0,8543
Knott,Kentucky,378.0,15884
Rowan,Kentucky,374.0,24302
Tensas,Louisiana,102.0,4793
Alpena,Michigan,443.0,28929
Lake,Michigan,249.0,11415
Becker,Minnesota,411.0,33375
Andrew,Missouri,205.0,17347
Iron,Missouri,226.0,10220
Golden Valley,Montana,nan,730
Box Butte,Nebraska,141.0,11279
Pierce,Nebraska,96.0,7179
Wayne,Nebraska,70.0,9414
Quay,New Mexico,192.0,8555
Rolette,North Dakota,260.0,14607
Hocking,Ohio,500.0,28690
Coos,Oregon,1210.0,62944
Sanborn,South Dakota,nan,2349
Dimmit,Texas,137.0,10842
Monroe,West Virginia,217.0,13496
Summers,West Virginia,297.0,13325
Price,Wisconsin,194.0,13707
Geneva,Alabama,569.0,26765
Evans,Georgia,164.0,10733
Benton,Indiana,123.0,8709
Pike,Indiana,205.0,12554
Kearny,Kansas,nan,3943
Stanton,Kansas,nan,2115
Morgan,Kentucky,219.0,13379
Owsley,Kentucky,133.0,4552
Trigg,Kentucky,248.0,14267
Red Lake,Minnesota,nan,4042
Rock,Minnesota,91.0,9554
Todd,Minnesota,247.0,24335
Dakota,Nebraska,209.0,20697
Sully,South Dakota,nan,1456
Walworth,South Dakota,75.0,5538
Grant,West Virginia,183.0,11770
Mingo,West Virginia,643.0,25549
Big Horn,Wyoming,195.0,11931
Jackson,Arkansas,371.0,17495
Johnson,Illinois,201.0,12866
Cass,Iowa,209.0,13433
Montmorency,Michigan,222.0,9317
Churchill,Nevada,417.0,24148
Jackson,North Carolina,594.0,41227
Alfalfa,Oklahoma,75.0,5784
Hyde,South Dakota,nan,1440
Lake,Tennessee,158.0,7643
Van Buren,Tennessee,142.0,5641
Motley,Texas,nan,1022
Falls Church city,Virginia,102.0,13597
Green Lake,Wisconsin,279.0,18881
Clay,Illinois,211.0,13466
Dickinson,Kansas,234.0,19384
Casey,Kentucky,318.0,15928
Garrard,Kentucky,286.0,17051
Livingston,Kentucky,213.0,9353
Saline,Nebraska,171.0,14356
Tyrrell,North Carolina,61.0,4128
Johnston,Oklahoma,231.0,11027
Jefferson,Oregon,314.0,22305
Armstrong,Texas,nan,1913
Duval,Texas,193.0,11510
Wilbarger,Texas,225.0,13061
Lincoln,West Virginia,480.0,21482
Washburn,Wisconsin,251.0,15685
Nome Census Area,Alaska,153.0,9879
Union,Illinois,305.0,17458
Smith,Kansas,nan,3701
Alcona,Michigan,224.0,10461
Norman,Minnesota,108.0,6638
Daviess,Missouri,102.0,8257
Holt,Missouri,nan,4537
Miller,Missouri,385.0,25011
Pondera,Montana,88.0,6166
Morrill,Nebraska,nan,4843
Harrison,Ohio,280.0,15521
Moore,Tennessee,93.0,6314
Bosque,Texas,345.0,17953
Freestone,Texas,317.0,19585
Sevier,Utah,242.0,20913
Kodiak Island Borough,Alaska,107.0,13918
Alexander,Illinois,140.0,7051
Baraga,Michigan,153.0,8612
Mille Lacs,Minnesota,355.0,25788
Howard,Nebraska,nan,6365
Nance,Nebraska,nan,3607
Moody,South Dakota,65.0,6445
La Salle,Texas,85.0,7319
Marion,Texas,248.0,10191
Red River,Texas,251.0,12455
Roberts,Texas,nan,939
Sherman,Texas,nan,3069
Essex,Virginia,178.0,11130
Henderson,Illinois,112.0,6966
Wayne,Illinois,232.0,16517
Chase,Kansas,nan,2694
Sherman,Kansas,77.0,6038
Wilson,Kansas,142.0,8956
Aitkin,Minnesota,278.0,15722
Butler,Nebraska,100.0,8205
Red Willow,Nebraska,137.0,10884
Haskell,Oklahoma,259.0,12835
McIntosh,Oklahoma,475.0,20161
Woods,Oklahoma,126.0,9125
Rhea,Tennessee,669.0,32461
Zavala,Texas,169.0,12107
Hamilton,Illinois,113.0,8251
Benzie,Michigan,227.0,17462
Kittson,Minnesota,nan,4436
Lewis,Missouri,160.0,10146
Marion,Missouri,412.0,28858
Furnas,Nebraska,nan,4850
Mineral,Nevada,104.0,4519
Guadalupe,New Mexico,68.0,4469
Harper,Oklahoma,nan,3785
Crockett,Tennessee,282.0,14558
Carson,Texas,89.0,6027
Yoakum,Texas,90.0,8316
Sanpete,Utah,271.0,28551
Sheridan,Kansas,nan,2522
Clay,Kentucky,520.0,21160
Fulton,Kentucky,157.0,6323
Piscataquis,Maine,318.0,17044
Marshall,Minnesota,99.0,9406
Morrison,Minnesota,365.0,32850
Audrain,Missouri,389.0,25868
Nelson,North Dakota,nan,3032
Childress,Texas,88.0,7059
Houston,Texas,409.0,22802
Parmer,Texas,96.0,9921
Cass,Illinois,173.0,13068
White,Illinois,252.0,14410
Haskell,Kansas,nan,4087
Chippewa,Minnesota,131.0,12126
Dixon,Nebraska,nan,5809
Hartley,Texas,nan,5966
Hardin,Illinois,107.0,4173
Cherokee,Iowa,160.0,11752
Humboldt,Iowa,109.0,9607
Hickman,Kentucky,93.0,4691
Pennington,Minnesota,153.0,14156
Lander,Nevada,79.0,5907
Cimarron,Oklahoma,nan,2269
Norton city,Virginia,82.0,3978
Patrick,Virginia,350.0,18180
Edwards,Kansas,nan,2975
Carroll,Missouri,147.0,9009
Mississippi,Missouri,297.0,14112
Fillmore,Nebraska,nan,5676
Wells,North Dakota,nan,4179
Brooks,Texas,107.0,7217
Wheeler,Texas,90.0,5642
Highland,Virginia,nan,2230
Fulton,Arkansas,244.0,12186
Clark,Kansas,nan,2131
Gray,Kansas,58.0,6037
Kiowa,Kansas,nan,2520
Rice,Kansas,141.0,9949
Carlisle,Kentucky,86.0,4954
Greeley,Nebraska,nan,2447
Sherman,Nebraska,nan,3090
Harding,New Mexico,nan,565
Cochran,Texas,45.0,2955
Jim Hogg,Texas,63.0,5218
Grant,Kansas,81.0,7748
Meade,Kansas,57.0,4310
Wheatland,Montana,nan,2109
Stanley,South Dakota,nan,2964
Nolan,Texas,257.0,15017
Ochiltree,Texas,110.0,10577
Vernon,Wisconsin,344.0,30442
Lemhi,Idaho,141.0,7743
Thurston,Nebraska,136.0,6989
Union,New Mexico,nan,4292
Madison,North Carolina,364.0,21130
Pembina,North Dakota,94.0,7136
McPherson,South Dakota,nan,2252
Gilmer,West Virginia,120.0,8497
Sitka City and Borough,Alaska,92.0,8921
Jefferson,Nebraska,85.0,7354
Ransom,North Dakota,71.0,5457
Hand,South Dakota,nan,3311
Calhoun,West Virginia,121.0,7482
Pocahontas,Iowa,106.0,7061
Cedar,Nebraska,90.0,8657
Valley,Nebraska,nan,4240
Camden,North Carolina,129.0,10228
Pushmataha,Oklahoma,236.0,11149
Douglas,South Dakota,nan,2961
Cottle,Texas,nan,1560
Pocahontas,West Virginia,150.0,8620
Montgomery,Arkansas,162.0,9100
Mariposa,California,284.0,17645
Nemaha,Kansas,116.0,10177
Metcalfe,Kentucky,196.0,9983
Owen,Kentucky,182.0,10673
Wadena,Minnesota,220.0,13755
Graham,North Carolina,151.0,8651
Vinton,Ohio,248.0,13128
Harney,Oregon,109.0,7214
Buffalo,South Dakota,59.0,2052
Lipscomb,Texas,nan,3507
Runnels,Texas,168.0,10411
Grayson,Virginia,261.0,15180
Davis,Iowa,101.0,8768
Cheyenne,Kansas,nan,2679
Frontier,Nebraska,nan,2599
Sierra,New Mexico,347.0,11442
Hyde,North Carolina,102.0,5629
Swain,North Carolina,320.0,14234
Day,South Dakota,88.0,5588
Harper,Kansas,116.0,5798
Hitchcock,Nebraska,nan,2866
Garza,Texas,72.0,6614
Glasscock,Texas,nan,1253
Brown,Illinois,77.0,6836
Calhoun,Iowa,145.0,9876
Floyd,Iowa,196.0,16004
Sac,Iowa,144.0,10034
Wayne,Iowa,96.0,6403
Norton,Kansas,71.0,5558
Kanabec,Minnesota,195.0,15918
Renville,North Dakota,nan,2573
Brewster,Texas,136.0,9188
Lincoln,Wisconsin,386.0,28171
Grant,Minnesota,81.0,5943
Keith,Nebraska,134.0,8103
Briscoe,Texas,nan,1672
Coleman,Texas,159.0,8476
Taliaferro,Georgia,nan,1904
Monroe,Iowa,123.0,7964
Lawrence,Missouri,618.0,38204
Sullivan,Missouri,92.0,6416
Holt,Nebraska,115.0,10360
Yancey,North Carolina,284.0,17599
Ritchie,West Virginia,178.0,10044
Brown,Kansas,175.0,9810
Ellsworth,Kansas,89.0,6375
Boone,Nebraska,nan,5353
Blaine,Oklahoma,202.0,9777
Refugio,Texas,129.0,7315
Pope,Minnesota,112.0,10975
Mercer,North Dakota,100.0,8671
Bailey,Texas,76.0,7131
Coke,Texas,nan,3228
Collingsworth,Texas,nan,3032
San Juan,Colorado,nan,552
Thomas,Nebraska,nan,675
Baker,Oregon,243.0,16030
Grant,South Dakota,82.0,7195
Ziebach,South Dakota,32.0,2818
Clay,West Virginia,192.0,9033
Forest,Wisconsin,147.0,9108
Valdez-Cordova Census Area,Alaska,109.0,9522
Cheyenne,Colorado,nan,2071
Conejos,Colorado,123.0,8213
Glascock,Georgia,70.0,3053
Harlan,Kentucky,761.0,28031
Lake,Minnesota,162.0,10721
Benson,North Dakota,123.0,6802
Traill,North Dakota,87.0,8075
Shackelford,Texas,nan,3323
Piute,Utah,nan,1859
Pope,Illinois,nan,4255
Fremont,Iowa,105.0,7019
Palo Alto,Iowa,125.0,9155
Lincoln,Nevada,70.0,5155
Kimble,Texas,nan,4453
Reeves,Texas,176.0,14438
Anderson,Kansas,125.0,7858
Laclede,Missouri,665.0,35505
Dawes,Nebraska,96.0,9082
Covington city,Virginia,170.0,5650
Trinity,California,251.0,13180
Bent,Colorado,106.0,5816
Pickett,Tennessee,107.0,5096
Ida,Iowa,91.0,7041
Edwards,Illinois,93.0,6612
Emmet,Iowa,126.0,9820
Richardson,Nebraska,127.0,8149
Washita,Oklahoma,209.0,11626
Tripp,South Dakota,80.0,5475
Burnett,Wisconsin,261.0,15259
Pepin,Wisconsin,83.0,7349
Dent,Missouri,279.0,15578
Archer,Texas,125.0,8750
Fisher,Texas,nan,3847
Haskell,Texas,111.0,5812
Little River,Arkansas,244.0,12616
Putnam,Illinois,nan,5746
Magoffin,Kentucky,281.0,12887
Schuyler,Missouri,62.0,4396
Nuckolls,Nebraska,nan,4352
Adams,Iowa,nan,3822
Lucas,Iowa,130.0,8700
Steele,North Dakota,nan,1969
Ness,Kansas,nan,3047
Bell,Kentucky,708.0,27676
Storey,Nevada,nan,3941
Hidalgo,New Mexico,68.0,4531
Ringgold,Iowa,nan,5054
Wolfe,Kentucky,174.0,7221
Avery,North Carolina,283.0,17633
Bottineau,North Dakota,103.0,6650
Coal,Oklahoma,131.0,5755
Hancock,Tennessee,167.0,6609
Mills,Texas,91.0,4871
San Saba,Texas,92.0,5881
Northwest Arctic Borough,Alaska,117.0,7723
Elliott,Kentucky,137.0,7661
Hall,Texas,nan,3162
Harlan,Nebraska,nan,3465
Langlade,Wisconsin,252.0,19414
Taylor,Wisconsin,205.0,20521
Platte,Wyoming,120.0,8740
Sierra,California,nan,2931
Comanche,Kansas,nan,1898
Hodgeman,Kansas,nan,1919
Lane,Kansas,nan,1687
Trego,Kansas,nan,2927
Griggs,North Dakota,nan,2311
Lassen,California,393.0,31945
Hubbard,Minnesota,269.0,20640
Grundy,Missouri,148.0,10231
Hardeman,Texas,73.0,3952
Ward,Texas,192.0,11396
Chase,Nebraska,nan,4061
Jackson,South Dakota,57.0,3268
Benewah,Idaho,162.0,9068
Presidio,Texas,60.0,7144
Modoc,California,164.0,9033
Hudspeth,Texas,nan,3481
Decatur,Iowa,105.0,8210
Monroe,Missouri,129.0,8642
Shannon,Missouri,152.0,8256
Lake,Oregon,142.0,7799
Reagan,Texas,nan,3625
Weston,Wyoming,89.0,7175
North Slope Borough,Alaska,115.0,9681
Lee,Kentucky,182.0,6896
Stevens,Minnesota,68.0,9762
Garfield,Nebraska,nan,1968
Pershing,Nevada,93.0,6690
Franklin,Idaho,154.0,13013
Edgar,Illinois,268.0,17828
Texas,Missouri,426.0,25690
Thayer,Nebraska,79.0,5163
Hughes,Oklahoma,300.0,13727
Edmunds,South Dakota,nan,4000
Kingsbury,South Dakota,nan,5070
